"";"ID";"spname";"position"
"1";"1";"Ajuga iva";"match"
"2";"1";"Scorzonera undulata";"match"
"3";"1";"Paronychia argentea";"match"
"4";"1";"Echium trygorrhizum";"match"
"5";"1";"Stipa tenacissima";"match"
"6";"1";"Atractylis serratuloides";"match"
"7";"1";"Iris sisyrynchium";"match"
"8";"1";"Allium cupani";"match"
"9";"1";"Plantago albicans";"match"
"10";"1";"Stipa parviflora";"match"
"11";"1";"Stipa barbata";"match"
"12";"1";"Muscari comosum";"FT_only"
"13";"1";"Cynodon dactylon";"FT_only"
"14";"1";"Noaea mucronata";"FT_only"
"15";"1";"Ziziphus lotus";"FT_only"
"16";"1";"Argyrolobium uniflorum";"FT_only"
"17";"2";"Ajuga iva";"match"
"18";"2";"Echium trygorrhizum";"match"
"19";"2";"Scorzonera undulata";"match"
"20";"2";"Stipa parviflora";"match"
"21";"2";"Iris sisyrynchium";"match"
"22";"2";"Paronychia argentea";"match"
"23";"2";"Matthiola longipetala";"match"
"24";"2";"Allium cupani";"match"
"25";"2";"Artemisia campestris";"match"
"26";"2";"Atractylis serratuloides";"match"
"27";"2";"Stipa tenacissima";"match"
"28";"2";"Plantago albicans";"match"
"29";"2";"Salvia verbenaca";"fac_only"
"30";"2";"Helanthemum aperta";"fac_only"
"31";"2";"Stipa barbata";"FT_only"
"32";"2";"Telephium imperati";"FT_only"
"33";"2";"Noaea mucronata";"FT_only"
"34";"2";"Argyrolobium uniflorum";"FT_only"
"35";"2";"Ziziphus lotus";"FT_only"
"36";"3";"Stipa tenacissima";"match"
"37";"3";"Stipa parviflora";"match"
"38";"3";"Stipa barbata";"match"
"39";"3";"Iris sisyrynchium";"match"
"40";"3";"Telephium imperati";"match"
"41";"3";"Paronychia argentea";"match"
"42";"3";"Atractylis serratuloides";"match"
"43";"3";"Scorzonera undulata";"match"
"44";"3";"Noaea mucronata";"match"
"45";"3";"Plantago albicans";"match"
"46";"3";"Ajuga iva";"match"
"47";"3";"Allium cupani";"match"
"48";"3";"Salvia verbenaca";"match"
"49";"3";"Echium trygorrhizum";"FT_only"
"50";"3";"Argyrolobium uniflorum";"FT_only"
"51";"3";"Matthiola longipetala";"FT_only"
"52";"3";"Dactylis glomerata";"FT_only"
"53";"16";"Larrea cuneifolia";"match"
"54";"16";"Poa ligularis";"match"
"55";"16";"Monttea aphylla";"match"
"56";"16";"Senna aphylla";"match"
"57";"16";"Poa lanuginosa";"match"
"58";"16";"Larrea divaricata";"match"
"59";"16";"Ephedra triandra";"match"
"60";"16";"Prosopidastrum globosum";"match"
"61";"16";"Bredemeyera microphylla";"match"
"62";"16";"Chuquiraga rosulata";"match"
"63";"16";"Geoffroea decorticans";"match"
"64";"16";"Condalia microphylla";"match"
"65";"16";"Lycium chilense";"match"
"66";"16";"Pappostipa humilis";"match"
"67";"16";"Nassella tenuis";"match"
"68";"16";"Schinus johnstonii";"match"
"69";"16";"Prosopis flexuosa";"match"
"70";"16";"Aloysia gratissima";"match"
"71";"16";"Amelichloa ambigua";"match"
"72";"16";"Glandularia parodii";"match"
"73";"16";"Sphaeralcea mendocina";"match"
"74";"16";"Nassella longiglumis";"match"
"75";"16";"Baccharis ulicina";"match"
"76";"16";"Pappostipa speciosa";"match"
"77";"16";"Conyza lorentzii";"fac_only"
"78";"16";"Oxalis lasiopetala";"fac_only"
"79";"16";"Senecio melanopotamicus";"fac_only"
"80";"16";"Baccharis gilliesii";"fac_only"
"81";"16";"Boopis anthemoides";"fac_only"
"82";"16";"Trichocline sinuata";"fac_only"
"83";"16";"Junellia seriphioides";"fac_only"
"84";"16";"Baccharis melanopotamica";"fac_only"
"85";"16";"Brachyclados lycioides";"fac_only"
"86";"16";"Pappophorum vaginatum";"fac_only"
"87";"16";"Spergula ramosa";"fac_only"
"88";"16";"Acantholippia seriphioides";"fac_only"
"89";"16";"Hysterionica jasionoides";"fac_only"
"90";"16";"Jarava plumosa";"fac_only"
"91";"16";"Ephedra ochreata";"fac_only"
"92";"17";"Senna aphylla";"match"
"93";"17";"Monttea aphylla";"match"
"94";"17";"Sphaeralcea mendocina";"match"
"95";"17";"Pappostipa humilis";"match"
"96";"17";"Nassella longiglumis";"match"
"97";"17";"Condalia microphylla";"match"
"98";"17";"Baccharis ulicina";"match"
"99";"17";"Brachyclados lycioides";"match"
"100";"17";"Trichocline sinuata";"match"
"101";"17";"Ephedra ochreata";"match"
"102";"17";"Prosopidastrum globosum";"match"
"103";"17";"Chuquiraga rosulata";"match"
"104";"17";"Pappostipa speciosa";"match"
"105";"17";"Prosopis flexuosa";"match"
"106";"17";"Baccharis gilliesii";"match"
"107";"17";"Larrea divaricata";"match"
"108";"17";"Acantholippia seriphioides";"match"
"109";"17";"Lycium chilense";"match"
"110";"17";"Nassella tenuis";"match"
"111";"17";"Glandularia parodii";"match"
"112";"17";"Cardionema ramosissima";"match"
"113";"17";"Bredemeyera microphylla";"match"
"114";"17";"Poa lanuginosa";"fac_only"
"115";"17";"Euphorbia collina";"fac_only"
"116";"17";"Baccharis melanopotamica";"fac_only"
"117";"17";"Amelichloa ambigua";"fac_only"
"118";"17";"Junellia seriphioides";"fac_only"
"119";"17";"Aristida mendocina";"fac_only"
"120";"17";"Senecio melanopotamicus";"fac_only"
"121";"17";"Hysterionica jasionoides";"fac_only"
"122";"17";"Nassella chilensis";"fac_only"
"123";"17";"Boopis anthemoides";"fac_only"
"124";"17";"Ephedra triandra";"fac_only"
"125";"17";"Conyza lorentzii";"fac_only"
"126";"17";"Gutierrezia baccharoides";"fac_only"
"127";"17";"Senecio subulatus";"FT_only"
"128";"17";"Schinus johnstonii";"FT_only"
"129";"18";"Senna aphylla";"match"
"130";"18";"Poa lanuginosa";"match"
"131";"18";"Acantholippia seriphioides";"match"
"132";"18";"Amelichloa ambigua";"match"
"133";"18";"Larrea divaricata";"match"
"134";"18";"Cardionema ramosissima";"match"
"135";"18";"Schinus johnstonii";"match"
"136";"18";"Condalia microphylla";"match"
"137";"18";"Ephedra triandra";"match"
"138";"18";"Nassella tenuis";"match"
"139";"18";"Baccharis gilliesii";"match"
"140";"18";"Prosopidastrum globosum";"match"
"141";"18";"Baccharis melanopotamica";"match"
"142";"18";"Pappostipa speciosa";"match"
"143";"18";"Lycium gilliesianum";"match"
"144";"18";"Pappostipa humilis";"match"
"145";"18";"Sphaeralcea mendocina";"match"
"146";"18";"Ephedra ochreata";"match"
"147";"18";"Chuquiraga rosulata";"match"
"148";"18";"Geoffroea decorticans";"match"
"149";"18";"Lycium chilense";"match"
"150";"18";"Glandularia parodii";"match"
"151";"18";"Brachyclados lycioides";"match"
"152";"18";"Prosopis flexuosa";"match"
"153";"18";"Baccharis ulicina";"match"
"154";"18";"Conyza lorentzii";"fac_only"
"155";"18";"Hysterionica jasionoides";"fac_only"
"156";"18";"Nassella longiglumis";"fac_only"
"157";"18";"Nassella chilensis";"fac_only"
"158";"18";"Aristida mendocina";"fac_only"
"159";"18";"Senecio melanopotamicus";"fac_only"
"160";"18";"Trichocline sinuata";"fac_only"
"161";"18";"Bredemeyera microphylla";"fac_only"
"162";"18";"Baccharis crispa";"fac_only"
"163";"18";"Junellia seriphioides";"fac_only"
"164";"18";"Boopis anthemoides";"fac_only"
"165";"18";"Baccharis 3";"fac_only"
"166";"18";"Cereus ethiops";"fac_only"
"167";"18";"Poa ligularis";"fac_only"
"168";"18";"Hoffmannseggia trifoliata";"fac_only"
"169";"18";"Abyssinica sil";"fac_only"
"170";"18";"Musgo";"fac_only"
"171";"18";"Capparis atamisquea";"FT_only"
"172";"19";"Nassella longiglumis";"match"
"173";"19";"Chuquiraga erinacea";"match"
"174";"19";"Schinus johnstonii";"match"
"175";"19";"Lycium chilense";"match"
"176";"19";"Pappostipa speciosa";"match"
"177";"19";"Larrea divaricata";"match"
"178";"19";"Larrea cuneifolia";"match"
"179";"19";"Mulguraea aspera";"match"
"180";"19";"Nassella tenuis";"match"
"181";"19";"Tetraglochin caespitosum";"match"
"182";"19";"Gutierrezia baccharoides";"match"
"183";"19";"Poa ligularis";"match"
"184";"19";"Bougainvillea spinosa";"match"
"185";"19";"Acantholippia seriphioides";"match"
"186";"19";"Monttea aphylla";"match"
"187";"19";"Thymophylla pentachaeta";"fac_only"
"188";"19";"Junellia seriphioides";"fac_only"
"189";"19";"Poa lanuginosa";"fac_only"
"190";"19";"Ephedra ochreata";"fac_only"
"191";"19";"Boopis anthemoides";"fac_only"
"192";"19";"Lycium gilliesianum";"fac_only"
"193";"19";"Tristagma patagonicum";"fac_only"
"194";"19";"Echinopsis leucantha";"fac_only"
"195";"19";"Hoffmannseggia trifoliata";"fac_only"
"196";"19";"Margyricarpus pinnatus";"fac_only"
"197";"19";"Senecio melanopotamicus";"fac_only"
"198";"19";"Condalia microphylla";"FT_only"
"199";"19";"Prosopis alpataco";"FT_only"
"200";"19";"Senecio subulatus";"FT_only"
"201";"20";"Prosopis flexuosa";"match"
"202";"20";"Sphaeralcea mendocina";"match"
"203";"20";"Ephedra ochreata";"match"
"204";"20";"Gutierrezia baccharoides";"match"
"205";"20";"Chuquiraga erinacea";"match"
"206";"20";"Poa ligularis";"match"
"207";"20";"Schinus johnstonii";"match"
"208";"20";"Pappostipa speciosa";"match"
"209";"20";"Lycium chilense";"match"
"210";"20";"Nassella tenuis";"match"
"211";"20";"Larrea divaricata";"match"
"212";"20";"Monttea aphylla";"match"
"213";"20";"Acantholippia seriphioides";"match"
"214";"20";"Poa lanuginosa";"match"
"215";"20";"Senecio melanopotamicus";"fac_only"
"216";"20";"Junellia seriphioides";"fac_only"
"217";"20";"Mulguraea aspera";"fac_only"
"218";"20";"Boopis anthemoides";"fac_only"
"219";"20";"Nassella longiglumis";"fac_only"
"220";"20";"Tetraglochin caespitosum";"fac_only"
"221";"20";"Nassella chilensis";"fac_only"
"222";"20";"Hoffmannseggia trifoliata";"fac_only"
"223";"20";"Grindelia spp.";"fac_only"
"224";"20";"Condalia microphylla";"FT_only"
"225";"20";"Lycium gilliesianum";"FT_only"
"226";"20";"Larrea cuneifolia";"FT_only"
"227";"20";"Cyclolepis genistoides";"FT_only"
"228";"21";"Prosopis flexuosa";"match"
"229";"21";"Lycium chilense";"match"
"230";"21";"Tetraglochin caespitosum";"match"
"231";"21";"Ephedra ochreata";"match"
"232";"21";"Chuquiraga erinacea";"match"
"233";"21";"Monttea aphylla";"match"
"234";"21";"Nassella tenuis";"match"
"235";"21";"Senna aphylla";"match"
"236";"21";"Larrea divaricata";"match"
"237";"21";"Gutierrezia baccharoides";"match"
"238";"21";"Acantholippia seriphioides";"match"
"239";"21";"Pappostipa speciosa";"match"
"240";"21";"Junellia seriphioides";"fac_only"
"241";"21";"Senecio melanopotamicus";"fac_only"
"242";"21";"Boopis anthemoides";"fac_only"
"243";"21";"Grindelia chiloensis";"fac_only"
"244";"21";"Poa lanuginosa";"fac_only"
"245";"21";"Baccharis gilliesii";"fac_only"
"246";"21";"Poa ligularis";"fac_only"
"247";"21";"Jarava neaei";"fac_only"
"248";"21";"Mulguraea aspera";"fac_only"
"249";"21";"Thymophylla pentachaeta";"fac_only"
"250";"21";"Condalia microphylla";"FT_only"
"251";"21";"Cyclolepis genistoides";"FT_only"
"252";"21";"Schinus johnstonii";"FT_only"
"253";"40";"Sida fibulifera";"match"
"254";"40";"Atriplex vesicaria";"match"
"255";"40";"Maireana turbinata";"match"
"256";"40";"Sclerolaena lanicuspis";"match"
"257";"40";"Sida corrugata";"match"
"258";"40";"Lotus cruentus";"match"
"259";"40";"Sclerolaena ventricosa";"match"
"260";"40";"Maireana pyramidata";"match"
"261";"40";"Sclerolaena divaricata";"match"
"262";"40";"Minuria cunninghamii";"match"
"263";"40";"Sclerolaena brachyptera";"match"
"264";"40";"Minuria leptophylla";"fac_only"
"265";"40";"Eragrostis dielsii";"fac_only"
"266";"40";"Sclerolaena eriacantha";"FT_only"
"267";"40";"Sporobolus actinocladus";"FT_only"
"268";"40";"Anemocarpa podolepidium";"FT_only"
"269";"40";"Sclerolaena decurrens";"FT_only"
"270";"40";"Malacocera tricornis";"FT_only"
"271";"40";"Sclerolaena bicornis";"FT_only"
"272";"41";"Maireana pyramidata";"match"
"273";"41";"Sclerolaena obliquicuspis";"match"
"274";"41";"Sclerolaena patenticuspis";"match"
"275";"41";"Austrostipa scabra";"match"
"276";"41";"Enneapogon avenaceus";"match"
"277";"41";"Solanum quadriloculatum";"fac_only"
"278";"41";"Enteropogon acicularis";"FT_only"
"279";"41";"Austrodanthonia caespitosa";"FT_only"
"280";"41";"Eragrostis setifolia";"FT_only"
"281";"41";"Lotus cruentus";"FT_only"
"282";"42";"Austrostipa scabra";"match"
"283";"42";"Sclerolaena lanicuspis";"match"
"284";"42";"Atriplex vesicaria";"match"
"285";"42";"Eragrostis setifolia";"match"
"286";"42";"Austrodanthonia caespitosa";"match"
"287";"42";"Sclerolaena brachyptera";"match"
"288";"42";"Sclerolaena ventricosa";"match"
"289";"42";"Lotus cruentus";"match"
"290";"42";"Sclerolaena divaricata";"match"
"291";"42";"Sclerolaena eriacantha";"match"
"292";"42";"Sida sp.";"fac_only"
"293";"42";"Sclerolaena diacantha";"fac_only"
"294";"42";"Maireana";"fac_only"
"295";"42";"Sida fibulifera";"FT_only"
"296";"42";"Minuria cunninghamii";"FT_only"
"297";"42";"Eragrostis dielsii";"FT_only"
"298";"42";"Dissocarpus paradoxus";"FT_only"
"299";"43";"Sclerolaena ventricosa";"match"
"300";"43";"Enteropogon acicularis";"match"
"301";"43";"Maireana turbinata";"match"
"302";"43";"Atriplex vesicaria";"match"
"303";"43";"Sclerolaena brachyptera";"match"
"304";"43";"Minuria cunninghamii";"match"
"305";"43";"Sida sp.";"fac_only"
"306";"43";"Tripogon loliiformis";"fac_only"
"307";"43";"Eragrostis setifolia";"fac_only"
"308";"43";"Sclerolaena diacantha";"fac_only"
"309";"43";"Sida fibulifera";"FT_only"
"310";"43";"Sida trichopoda";"FT_only"
"311";"43";"Lotus cruentus";"FT_only"
"312";"43";"Austrodanthonia caespitosa";"FT_only"
"313";"43";"Sclerolaena lanicuspis";"FT_only"
"314";"43";"Sclerolaena divaricata";"FT_only"
"315";"43";"Ixiolaena leptolepis";"FT_only"
"316";"43";"Sporobolus actinocladus";"FT_only"
"317";"43";"Sclerolaena eriacantha";"FT_only"
"318";"44";"Einadia nutans";"match"
"319";"44";"Atriplex vesicaria";"match"
"320";"44";"Sclerolaena diacantha";"match"
"321";"44";"Sclerolaena brachyptera";"match"
"322";"44";"Nitraria billardierei";"match"
"323";"44";"Maireana aphylla";"match"
"324";"44";"Sclerolaena muricata";"fac_only"
"325";"44";"Paspalidium constrictum";"fac_only"
"326";"44";"Rhagodia spinescens";"FT_only"
"327";"44";"Sclerolaena tricuspis";"FT_only"
"328";"44";"Atriplex semibaccata";"FT_only"
"329";"45";"Einadia nutans";"match"
"330";"45";"Atriplex semibaccata";"match"
"331";"45";"Sclerolaena brachyptera";"match"
"332";"45";"Sida trichopoda";"match"
"333";"45";"Austrostipa scabra";"match"
"334";"45";"Sclerolaena tricuspis";"match"
"335";"45";"Sclerolaena diacantha";"match"
"336";"45";"Maireana trichoptera";"match"
"337";"45";"Maireana aphylla";"match"
"338";"45";"Austrodanthonia caespitosa";"match"
"339";"45";"Sporobolus carolii";"match"
"340";"45";"Chloris truncata";"fac_only"
"341";"45";"Sida intricata";"fac_only"
"342";"45";"Craspedia sp.";"fac_only"
"343";"45";"Minuria cunninghamii";"FT_only"
"344";"45";"Sclerolaena divaricata";"FT_only"
"345";"45";"Malacocera tricornis";"FT_only"
"346";"45";"Nitraria billardierei";"FT_only"
"347";"45";"Atriplex vesicaria";"FT_only"
"348";"45";"Abutilon halophilum";"FT_only"
"349";"46";"Sclerolaena diacantha";"match"
"350";"46";"Paspalidium constrictum";"match"
"351";"46";"Atriplex vesicaria";"match"
"352";"46";"Einadia nutans";"match"
"353";"46";"Sclerolaena brachyptera";"match"
"354";"46";"Austrodanthonia caespitosa";"match"
"355";"46";"Maireana aphylla";"match"
"356";"46";"Austrostipa scabra";"fac_only"
"357";"46";"Oxalis sp.";"fac_only"
"358";"46";"Enneapogon avenaceus";"fac_only"
"359";"46";"Chloris truncata";"fac_only"
"360";"46";"Enteropogon acicularis";"FT_only"
"361";"46";"Sclerolaena tricuspis";"FT_only"
"362";"46";"Atriplex semibaccata";"FT_only"
"363";"46";"Malacocera tricornis";"FT_only"
"364";"47";"Austrodanthonia caespitosa";"match"
"365";"47";"Sporobolus carolii";"match"
"366";"47";"Austrostipa scabra";"match"
"367";"47";"Atriplex vesicaria";"match"
"368";"47";"Vittadinia cuneata";"fac_only"
"369";"47";"Sclerolaena brachyptera";"FT_only"
"370";"48";"Atriplex vesicaria";"match"
"371";"48";"Enchylaena tomentosa";"match"
"372";"48";"Enteropogon acicularis";"match"
"373";"48";"Cyperus sp.";"fac_only"
"374";"48";"Sclerolaena tricuspis";"FT_only"
"375";"48";"Sclerolaena brachyptera";"FT_only"
"376";"48";"Sclerolaena diacantha";"FT_only"
"377";"48";"Paspalidium constrictum";"FT_only"
"378";"48";"Sclerolaena muricata";"FT_only"
"379";"48";"Teucrium racemosum";"FT_only"
"380";"48";"Maireana coronata";"FT_only"
"381";"48";"Atriplex semibaccata";"FT_only"
"382";"48";"Rhagodia spinescens";"FT_only"
"383";"49";"Portulaca oleracea";"match"
"384";"49";"Atriplex vesicaria";"match"
"385";"49";"Paspalidium constrictum";"match"
"386";"49";"Sporobolus sp.";"match"
"387";"49";"Enteropogon acicularis";"match"
"388";"49";"Calandrinia eremaea";"fac_only"
"389";"49";"Austrostipa scabra";"FT_only"
"390";"49";"Sporobolus carolii";"FT_only"
"391";"49";"Chloris ventricosa";"FT_only"
"392";"49";"Austrostipa eremophila";"FT_only"
"393";"50";"Enteropogon acicularis";"match"
"394";"50";"Fimbristylis dichotoma";"match"
"395";"50";"Opuntia aurantiaca";"match"
"396";"50";"Atriplex vesicaria";"match"
"397";"50";"Cheilanthes sieberi";"match"
"398";"50";"Portulaca oleracea";"fac_only"
"399";"50";"Sclerolaena tricuspis";"FT_only"
"400";"50";"Sclerolaena muricata";"FT_only"
"401";"83";"Taraxacum officinale";"match"
"402";"83";"Calceolaria biflora";"match"
"403";"83";"Acaena integerrima";"match"
"404";"83";"Nassauvia darwinii";"match"
"405";"83";"Acaena pinnatifida";"match"
"406";"83";"Cerastium arvense";"match"
"407";"83";"Festuca pyrogea";"match"
"408";"83";"Festuca pallescens";"match"
"409";"83";"Viola maculata";"fac_only"
"410";"83";"Lathyrus magellanicus";"fac_only"
"411";"83";"Hordeum murinum";"fac_only"
"412";"83";"Senecio sericeo-nitens";"fac_only"
"413";"83";"Galium fuegianum";"fac_only"
"414";"83";"Luzula alopecurus";"fac_only"
"415";"83";"Acaena spp.";"fac_only"
"416";"83";"Mulinum spinosum";"FT_only"
"417";"83";"Carex gayana";"FT_only"
"418";"83";"Rumex acetosella";"FT_only"
"419";"84";"Acaena pinnatifida";"match"
"420";"84";"Cerastium arvense";"match"
"421";"84";"Senecio sericeo-nitens";"match"
"422";"84";"Calceolaria biflora";"match"
"423";"84";"Nassauvia darwinii";"match"
"424";"84";"Festuca pyrogea";"match"
"425";"84";"Taraxacum officinale";"match"
"426";"84";"Acaena integerrima";"match"
"427";"84";"Mulinum spinosum";"match"
"428";"84";"Festuca pallescens";"match"
"429";"84";"Viola maculata";"fac_only"
"430";"84";"Galium fuegianum";"fac_only"
"431";"84";"Hypochaeris incana";"fac_only"
"432";"84";"Elymus repens";"fac_only"
"433";"84";"Holcus lanatus";"fac_only"
"434";"84";"Leucheria candidissima";"fac_only"
"435";"84";"Hordeum murinum";"fac_only"
"436";"84";"Rumex acetosella";"FT_only"
"437";"85";"Carex gayana";"match"
"438";"85";"Festuca pyrogea";"match"
"439";"85";"Cerastium arvense";"match"
"440";"85";"Mulinum spinosum";"match"
"441";"85";"Acaena pinnatifida";"match"
"442";"85";"Senecio sericeo-nitens";"match"
"443";"85";"Acaena integerrima";"match"
"444";"85";"Calceolaria biflora";"match"
"445";"85";"Nassauvia darwinii";"match"
"446";"85";"Festuca pallescens";"match"
"447";"85";"Lathyrus magellanicus";"match"
"448";"85";"Taraxacum officinale";"match"
"449";"85";"Holcus lanatus";"fac_only"
"450";"85";"Viola maculata";"fac_only"
"451";"85";"Hypochaeris incana";"fac_only"
"452";"85";"Elymus repens";"fac_only"
"453";"85";"Quinchamalium chilense";"fac_only"
"454";"85";"Leucheria candidissima";"fac_only"
"455";"85";"Rumex acetosella";"FT_only"
"456";"93";"Juniperus formosana";"match"
"457";"93";"Agrostis tenuis";"fac_only"
"458";"93";"Tribulus terrestris";"fac_only"
"459";"93";"Setaria viridis";"fac_only"
"460";"93";"Bassia dasyphylla";"fac_only"
"461";"93";"Kummerowia stipulacea";"fac_only"
"462";"93";"Artemisia scoparia";"FT_only"
"463";"93";"Artemisia desertorum";"FT_only"
"464";"94";"Artemisia desertorum";"match"
"465";"94";"Setaria viridis";"fac_only"
"466";"94";"Oxytropis psammocharis";"fac_only"
"467";"94";"Salsola ruthenica";"fac_only"
"468";"94";"Herba artimisiae";"fac_only"
"469";"94";"Medicago sativa";"fac_only"
"470";"94";"Bassia dasyphylla";"fac_only"
"471";"94";"Agrostis tenuis";"fac_only"
"472";"94";"Kummerowia stipulacea";"fac_only"
"473";"94";"Agriophyllum squarrosum";"fac_only"
"474";"94";"Sonchus oleraceus";"fac_only"
"475";"94";"Heteropappus altaicus";"fac_only"
"476";"94";"Poa annua";"fac_only"
"477";"94";"Artemisia scoparia";"fac_only"
"478";"94";"Corispermum chinganicum";"fac_only"
"479";"94";"Tribulus terrestris";"fac_only"
"480";"94";"Cirsium japonicum";"fac_only"
"481";"94";"Euphorbia thymifolia";"fac_only"
"482";"94";"Caragana korshinskii";"FT_only"
"483";"95";"Artemisia desertorum";"match"
"484";"95";"Juniperus formosana";"match"
"485";"95";"Bassia dasyphylla";"fac_only"
"486";"95";"Setaria viridis";"fac_only"
"487";"95";"Kummerowia stipulacea";"fac_only"
"488";"95";"Allium mongolicum";"fac_only"
"489";"95";"Oxytropis psammocharis";"fac_only"
"490";"95";"Agrostis tenuis";"fac_only"
"491";"95";"Poa annua";"fac_only"
"492";"95";"Agriophyllum squarrosum";"fac_only"
"493";"95";"Corispermum chinganicum";"fac_only"
"494";"95";"Herba artimisiae";"fac_only"
"495";"95";"Heteropappus altaicus";"fac_only"
"496";"95";"Salsola ruthenica";"fac_only"
"497";"95";"Suaeda salsa";"fac_only"
"498";"95";"Artemisia scoparia";"fac_only"
"499";"95";"Isatis tinctoria";"fac_only"
"500";"95";"Tribulus terrestris";"fac_only"
"501";"95";"Caragana korshinskii";"FT_only"
"502";"96";"Cynanchum hancockianum";"match"
"503";"96";"Artemisia scoparia";"match"
"504";"96";"Juniperus formosana";"match"
"505";"96";"Artemisia desertorum";"match"
"506";"96";"Kummerowia stipulacea";"fac_only"
"507";"96";"Poa annua";"fac_only"
"508";"96";"Agrostis tenuis";"fac_only"
"509";"96";"Oxytropis psammocharis";"fac_only"
"510";"96";"Setaria viridis";"fac_only"
"511";"96";"Heteropappus altaicus";"fac_only"
"512";"96";"Poa sphondylodes";"fac_only"
"513";"96";"Isatis tinctoria";"fac_only"
"514";"96";"Stemmacanthauniflora";"fac_only"
"515";"96";"Sonchus oleraceus";"fac_only"
"516";"96";"Herba artimisiae";"fac_only"
"517";"96";"Ixeridium chinense";"fac_only"
"518";"96";"Artemisia argyi";"fac_only"
"519";"96";"Thalictrum petaloideum";"fac_only"
"520";"96";"Allium mongolicum";"fac_only"
"521";"96";"Melilotus officinalis";"FT_only"
"522";"96";"Peganum harmala";"FT_only"
"523";"96";"Caragana korshinskii";"FT_only"
"524";"97";"Artemisia scoparia";"match"
"525";"97";"Achnatherum splendens";"match"
"526";"97";"Cynanchum hancockianum";"match"
"527";"97";"Artemisia argyi";"fac_only"
"528";"97";"Medicago sativa";"fac_only"
"529";"97";"Poa annua";"fac_only"
"530";"97";"Euphorbia esula";"fac_only"
"531";"97";"Phragmites australias";"fac_only"
"532";"97";"Chenopodium album";"fac_only"
"533";"97";"Salsola ruthenica";"fac_only"
"534";"97";"Bassia dasyphylla";"fac_only"
"535";"97";"Corispermum chinganicum";"fac_only"
"536";"97";"Allium mongolicum";"fac_only"
"537";"97";"Poa sphondylodes";"fac_only"
"538";"97";"Oxytropis psammocharis";"fac_only"
"539";"97";"Convolvulus arvensis";"fac_only"
"540";"97";"Ixeridium chinense";"fac_only"
"541";"97";"Sonchus oleraceus";"fac_only"
"542";"97";"Agriophyllum squarrosum";"fac_only"
"543";"97";"Euphorbia thymifolia";"fac_only"
"544";"97";"Heteropappus altaicus";"fac_only"
"545";"97";"Artemisia desertorum";"fac_only"
"546";"97";"Cirsium japonicum";"fac_only"
"547";"97";"Setaria viridis";"fac_only"
"548";"97";"Agrostis tenuis";"fac_only"
"549";"97";"Caragana korshinskii";"FT_only"
"550";"98";"Artemisia scoparia";"match"
"551";"98";"Achnatherum splendens";"match"
"552";"98";"Cynanchum hancockianum";"match"
"553";"98";"Caragana korshinskii";"fac_only"
"554";"98";"Poa sphondylodes";"fac_only"
"555";"98";"Phragmites australias";"fac_only"
"556";"98";"Lithospermum arvense";"fac_only"
"557";"98";"Ixeridium chinense";"fac_only"
"558";"98";"Setaria viridis";"fac_only"
"559";"98";"Bassia dasyphylla";"fac_only"
"560";"98";"Sonchus oleraceus";"fac_only"
"561";"98";"Poa annua";"fac_only"
"562";"98";"Heteropappus altaicus";"fac_only"
"563";"98";"Medicago sativa";"fac_only"
"564";"98";"Isatis tinctoria";"fac_only"
"565";"98";"Artemisia argyi";"fac_only"
"566";"98";"Corispermum chinganicum";"fac_only"
"567";"98";"Allium mongolicum";"fac_only"
"568";"98";"Euphorbia thymifolia";"fac_only"
"569";"98";"Convolvulus arvensis";"fac_only"
"570";"98";"Oxytropis psammocharis";"fac_only"
"571";"98";"Salsola ruthenica";"fac_only"
"572";"98";"Euphorbia esula";"fac_only"
"573";"98";"Erodium stephanianum";"fac_only"
"574";"98";"Taraxacum mongolicum";"fac_only"
"575";"98";"Cirsium japonicum";"fac_only"
"576";"98";"Carpesium abrotanoides";"fac_only"
"577";"98";"Agriophyllum squarrosum";"fac_only"
"578";"98";"Agrostis tenuis";"fac_only"
"579";"98";"Chenopodium album";"fac_only"
"580";"98";"Limonium bicolor";"fac_only"
"581";"99";"Achnatherum splendens";"match"
"582";"99";"Stemmacanthauniflora";"fac_only"
"583";"99";"Halogeton glomeratus";"fac_only"
"584";"99";"Poa annua";"fac_only"
"585";"99";"Phragmites australias";"fac_only"
"586";"99";"Setaria viridis";"fac_only"
"587";"99";"L. apetalum";"fac_only"
"588";"99";"Artemisia annua";"fac_only"
"589";"99";"Ixeridium chinense";"fac_only"
"590";"99";"Sonchus oleraceus";"fac_only"
"591";"99";"Hongzhijuanbai";"fac_only"
"592";"99";"Artemisia desertorum";"fac_only"
"593";"100";"Cynanchum hancockianum";"match"
"594";"100";"Caragana korshinskii";"match"
"595";"100";"Salix cheilophila";"fac_only"
"596";"100";"Artemisia desertorum";"fac_only"
"597";"100";"Ixeridium chinense";"fac_only"
"598";"100";"Bassia dasyphylla";"fac_only"
"599";"100";"Setaria viridis";"fac_only"
"600";"100";"Euphorbia thymifolia";"fac_only"
"601";"100";"Chenopodium album";"fac_only"
"602";"100";"Psammochloa villosa";"fac_only"
"603";"100";"Ding";"fac_only"
"604";"100";"Salix psammophila";"FT_only"
"605";"100";"Artemisia ordosica";"FT_only"
"606";"101";"Caragana korshinskii";"match"
"607";"101";"Artemisia desertorum";"fac_only"
"608";"101";"Bassia dasyphylla";"fac_only"
"609";"101";"Ixeridium chinense";"fac_only"
"610";"101";"Lithospermum arvense";"fac_only"
"611";"101";"Chenopodium album";"fac_only"
"612";"101";"Heteropappus altaicus";"fac_only"
"613";"101";"Poa sphondylodes";"fac_only"
"614";"101";"Salsola ruthenica";"fac_only"
"615";"101";"Dracocephalum moldavica";"fac_only"
"616";"101";"Psammochloa villosa";"fac_only"
"617";"101";"Setaria viridis";"fac_only"
"618";"101";"Astragalus melilotoides";"fac_only"
"619";"101";"Medicago sativa";"fac_only"
"620";"101";"Oxytropis psammocharis";"fac_only"
"621";"101";"Artemisia ordosica";"FT_only"
"622";"101";"Salix psammophila";"FT_only"
"623";"102";"Cynanchum hancockianum";"match"
"624";"102";"Artemisia desertorum";"fac_only"
"625";"102";"Salix cheilophila";"fac_only"
"626";"102";"Ixeridium chinense";"fac_only"
"627";"102";"Setaria viridis";"fac_only"
"628";"102";"Psammochloa villosa";"fac_only"
"629";"102";"Euphorbia thymifolia";"fac_only"
"630";"102";"Heteropappus altaicus";"fac_only"
"631";"102";"Bassia dasyphylla";"fac_only"
"632";"102";"Lithospermum arvense";"fac_only"
"633";"102";"Ding";"fac_only"
"634";"102";"Astragalus melilotoides";"fac_only"
"635";"102";"Isatis tinctoria";"fac_only"
"636";"102";"Artemisia ordosica";"FT_only"
"637";"102";"Caragana korshinskii";"FT_only"
"638";"102";"Salix psammophila";"FT_only"
"639";"103";"Caragana korshinskii";"match"
"640";"103";"Artemisia desertorum";"fac_only"
"641";"103";"Heteropappus altaicus";"fac_only"
"642";"103";"Ixeridium chinense";"fac_only"
"643";"103";"Setaria viridis";"fac_only"
"644";"103";"Psammochloa villosa";"fac_only"
"645";"103";"Astragalus melilotoides";"fac_only"
"646";"103";"Bassia dasyphylla";"fac_only"
"647";"103";"Euphorbia esula";"fac_only"
"648";"103";"Poa sphondylodes";"fac_only"
"649";"103";"Melilotus officinalis";"FT_only"
"650";"103";"Hedysarum scoparium";"FT_only"
"651";"103";"Artemisia ordosica";"FT_only"
"652";"114";"Stipa glareosa";"match"
"653";"114";"Seriphidium borotalense";"match"
"654";"114";"Kochia prostrata";"match"
"655";"114";"Ceratoides latens";"match"
"656";"114";"Atraphaxis spinosa";"fac_only"
"657";"114";"Anabasis aphylla";"FT_only"
"658";"115";"Ceratoides latens";"match"
"659";"115";"Haloxylon ammodendron";"match"
"660";"115";"Ferula sinkiangensis";"match"
"661";"115";"Petrosimonia sibirica";"match"
"662";"115";"Stipa glareosa";"match"
"663";"115";"Anabasis aphylla";"match"
"664";"115";"Seriphidium borotalense";"match"
"665";"115";"Ceratocarpus arenarius";"fac_only"
"666";"134";"Artemisia sieberi";"match"
"667";"134";"Salsola arbusculiformis";"match"
"668";"134";"Stipa lessingiana";"match"
"669";"134";"Lappula barbata";"fac_only"
"670";"134";"Acanthophyllum sp.";"fac_only"
"671";"134";"Cerasus pseudoprostrata";"FT_only"
"672";"134";"Teucrium chamaedrys";"FT_only"
"673";"134";"Zygophyllum atriplicoides";"FT_only"
"674";"134";"Cousinia arctotidifolia";"FT_only"
"675";"134";"Ferula sp.";"FT_only"
"676";"134";"Centaurea sp.";"FT_only"
"677";"134";"Acantholimon sp.";"FT_only"
"678";"134";"Cousinia sp.";"FT_only"
"679";"134";"Astragalus sp.";"FT_only"
"680";"135";"Artemisia sieberi";"match"
"681";"135";"Cousinia arctotidifolia";"match"
"682";"135";"Salsola arbusculiformis";"match"
"683";"135";"Stipa lessingiana";"match"
"684";"135";"Lappula barbata";"fac_only"
"685";"135";"Nonea caspica";"fac_only"
"686";"135";"Zygophyllum atriplicoides";"FT_only"
"687";"135";"Astragalus sp.";"FT_only"
"688";"135";"Centaurea sp.";"FT_only"
"689";"135";"Cousinia sp.";"FT_only"
"690";"135";"Krascheninnikovia ceratoides";"FT_only"
"691";"135";"Acantholimon sp.";"FT_only"
"692";"136";"Centaurea sp.";"match"
"693";"136";"Salsola arbusculiformis";"match"
"694";"136";"Stipa lessingiana";"match"
"695";"136";"Acantholimon sp.";"match"
"696";"136";"Artemisia sieberi";"match"
"697";"136";"Cousinia arctotidifolia";"fac_only"
"698";"136";"Lappula barbata";"fac_only"
"699";"136";"Nonea caspica";"fac_only"
"700";"136";"Astragalus sp.";"fac_only"
"701";"136";"5";"fac_only"
"702";"136";"Cousinia sp.";"FT_only"
"703";"136";"Teucrium polium";"FT_only"
"704";"137";"Cousinia arctotidifolia";"match"
"705";"137";"Teucrium polium";"match"
"706";"137";"Centaurea sp.";"match"
"707";"137";"Achillea biebersteinii";"match"
"708";"137";"Agropyron trichophorum";"match"
"709";"137";"Verbascum speciosum";"match"
"710";"137";"Centaurea kotschyi";"match"
"711";"137";"Scabiosa rotata";"match"
"712";"137";"Artemisia sieberi";"match"
"713";"137";"Rhamnus pallasii";"match"
"714";"137";"Convolvulus commutatus";"match"
"715";"137";"Stachys turcomanica";"match"
"716";"137";"Medicago sativa";"match"
"717";"137";"Phlomis herba-venti";"match"
"718";"137";"Paliurus spina-christi";"match"
"719";"137";"Asperula arvensis";"match"
"720";"137";"Festuca valesiaca";"match"
"721";"137";"Galium tenuissimum";"match"
"722";"137";"Stipa lessingiana";"match"
"723";"137";"Eryngium caucasicum";"match"
"724";"137";"Astragalus sp.";"fac_only"
"725";"137";"Melica ciliata";"fac_only"
"726";"137";"Dactylis glomerata";"fac_only"
"727";"137";"Alhagi camelorum";"fac_only"
"728";"137";"Teucrium chamaedrys";"fac_only"
"729";"137";"Onobrychis sintenisii";"fac_only"
"730";"137";"Echinops ritrodes";"fac_only"
"731";"137";"Salvia virgata";"fac_only"
"732";"137";"Dianthus orientalis";"fac_only"
"733";"137";"Crataegus azarolus";"fac_only"
"734";"137";"Crupina vulgaris";"fac_only"
"735";"137";"Cousinia decipiens";"fac_only"
"736";"137";"Haplophyllum acutifolium";"FT_only"
"737";"137";"Potentilla recta";"FT_only"
"738";"137";"Glycyrrhiza glabra";"FT_only"
"739";"138";"Verbascum speciosum";"match"
"740";"138";"Hypericum elongatum";"match"
"741";"138";"Cousinia decipiens";"match"
"742";"138";"Centaurea kotschyi";"match"
"743";"138";"Eryngium caucasicum";"match"
"744";"138";"Astragalus sp.";"match"
"745";"138";"Festuca valesiaca";"match"
"746";"138";"Phlomis herba-venti";"match"
"747";"138";"Achillea biebersteinii";"match"
"748";"138";"Echinops ritrodes";"match"
"749";"138";"Medicago sativa";"match"
"750";"138";"Asperula arvensis";"match"
"751";"138";"Convolvulus commutatus";"match"
"752";"138";"Rhamnus pallasii";"match"
"753";"138";"Stipa lessingiana";"match"
"754";"138";"Scabiosa rotata";"match"
"755";"138";"Glycyrrhiza glabra";"match"
"756";"138";"Galium tenuissimum";"match"
"757";"138";"Paliurus spina-christi";"match"
"758";"138";"Dactylis glomerata";"match"
"759";"138";"Stipa barbata";"fac_only"
"760";"138";"Agropyron cristatum";"fac_only"
"761";"138";"Crupina vulgaris";"fac_only"
"762";"138";"Crataegus azarolus";"fac_only"
"763";"138";"Inula oculus-christi";"fac_only"
"764";"138";"Potentilla recta";"fac_only"
"765";"138";"Cerasus pseudoprostrata";"fac_only"
"766";"138";"Phlomis cancellata";"fac_only"
"767";"138";"Rosa persica";"fac_only"
"768";"138";"Bromus tomentellus";"fac_only"
"769";"138";"Melica ciliata";"fac_only"
"770";"138";"Centaurea sp.";"fac_only"
"771";"138";"Teucrium chamaedrys";"fac_only"
"772";"138";"Centaurea virgata";"fac_only"
"773";"138";"Ferula sp.";"FT_only"
"774";"138";"Krascheninnikovia ceratoides";"FT_only"
"775";"138";"Poa bulbosa";"FT_only"
"776";"138";"Cousinia arctotidifolia";"FT_only"
"777";"138";"Kochia sp.";"FT_only"
"778";"138";"Salvia virgata";"FT_only"
"779";"138";"Onobrychis sintenisii";"FT_only"
"780";"138";"Agropyron trichophorum";"FT_only"
"781";"138";"Kochia prostrata";"FT_only"
"782";"139";"Centaurea sp.";"match"
"783";"139";"Teucrium polium";"match"
"784";"139";"Achillea biebersteinii";"match"
"785";"139";"Potentilla recta";"match"
"786";"139";"Eryngium caucasicum";"match"
"787";"139";"Scabiosa rotata";"match"
"788";"139";"Galium tenuissimum";"match"
"789";"139";"Echinops ritrodes";"match"
"790";"139";"Agropyron trichophorum";"match"
"791";"139";"Phlomis cancellata";"match"
"792";"139";"Inula oculus-christi";"match"
"793";"139";"Hypericum elongatum";"match"
"794";"139";"Verbascum speciosum";"match"
"795";"139";"Cousinia decipiens";"match"
"796";"139";"Haplophyllum acutifolium";"match"
"797";"139";"Melica ciliata";"match"
"798";"139";"Teucrium chamaedrys";"match"
"799";"139";"Stipa lessingiana";"match"
"800";"139";"Convolvulus commutatus";"match"
"801";"139";"Asperula arvensis";"match"
"802";"139";"Medicago sativa";"match"
"803";"139";"Asparagus verticillatus";"match"
"804";"139";"Onobrychis sintenisii";"match"
"805";"139";"Centaurea kotschyi";"match"
"806";"139";"Astragalus sp.";"match"
"807";"139";"Phlomis herba-venti";"match"
"808";"139";"Salvia virgata";"match"
"809";"139";"Rhamnus pallasii";"match"
"810";"139";"Festuca valesiaca";"match"
"811";"139";"Dianthus orientalis";"match"
"812";"139";"Cerasus pseudoprostrata";"match"
"813";"139";"Dactylis glomerata";"match"
"814";"139";"Stachys turcomanica";"match"
"815";"139";"Paliurus spina-christi";"match"
"816";"139";"Crataegus azarolus";"match"
"817";"139";"Crupina vulgaris";"fac_only"
"818";"139";"Kochia prostrata";"fac_only"
"819";"139";"Lappula barbata";"fac_only"
"820";"139";"Poa bulbosa";"FT_only"
"821";"139";"Cousinia arctotidifolia";"FT_only"
"822";"139";"Berberis integerrima";"FT_only"
"823";"139";"Kochia sp.";"FT_only"
"824";"140";"Elymus repens";"match"
"825";"140";"Stipa arabica";"match"
"826";"140";"Astragalus chrysostachys";"match"
"827";"140";"Eremurus stenophyllus";"match"
"828";"140";"Cerasus microcarpa";"match"
"829";"140";"Verbascum cheiranthifolium";"match"
"830";"140";"Poa bulbosa";"match"
"831";"140";"Acantholimon erinaceum";"match"
"832";"140";"Artemisia kopetdaghensis";"match"
"833";"140";"Acantholimon raddeanum";"match"
"834";"140";"Iris songarica";"fac_only"
"835";"140";"Stachys turcomanica";"fac_only"
"836";"140";"Tulipa sp.";"fac_only"
"837";"140";"Euphorbia boissieri";"fac_only"
"838";"140";"Colchicum kotschyi";"fac_only"
"839";"140";"Galium humifusum";"fac_only"
"840";"140";"Peteropyrum aucheri";"fac_only"
"841";"140";"Acantholimon prostegium";"fac_only"
"842";"140";"Artemisia aucheri";"fac_only"
"843";"140";"Hordeum bulbosum";"fac_only"
"844";"140";"Phlomis cancellata";"fac_only"
"845";"140";"Allium xiphopetalum";"fac_only"
"846";"140";"Melica persica";"fac_only"
"847";"140";"Phlomoides labiosa";"FT_only"
"848";"140";"Rosa persica";"FT_only"
"849";"140";"Amygdalus spinosissima";"FT_only"
"850";"140";"Agropyron intermedium";"FT_only"
"851";"140";"Bunium cylindricum";"FT_only"
"852";"140";"Cousinia sp.";"FT_only"
"853";"140";"Polygonum sewerzowii";"FT_only"
"854";"140";"Lactuca orientalis";"FT_only"
"855";"140";"Centaurea virgata";"FT_only"
"856";"140";"Phlomis herba-venti";"FT_only"
"857";"141";"Onobrychis verae";"match"
"858";"141";"Convolvulus lineatus";"match"
"859";"141";"Poa bulbosa";"match"
"860";"141";"Cerasus microcarpa";"match"
"861";"141";"Verbascum cheiranthifolium";"match"
"862";"141";"Acantholimon erinaceum";"match"
"863";"141";"Artemisia kopetdaghensis";"match"
"864";"141";"Eremurus stenophyllus";"match"
"865";"141";"Lactuca orientalis";"match"
"866";"141";"Acantholimon raddeanum";"match"
"867";"141";"Cirsium bornmuelleri";"match"
"868";"141";"Elymus repens";"match"
"869";"141";"Perovskia abrotanoides";"match"
"870";"141";"Rosa persica";"match"
"871";"141";"Eryngium bungei";"match"
"872";"141";"Astragalus jolderensis";"fac_only"
"873";"141";"Veronica capillipes";"fac_only"
"874";"141";"Artemisia aucheri";"fac_only"
"875";"141";"Acanthophyllum korshinskyi";"fac_only"
"876";"141";"Galium humifusum";"fac_only"
"877";"141";"Onobrychis cornuta";"fac_only"
"878";"141";"Thesium kotschyanum";"fac_only"
"879";"141";"Phlomis cancellata";"fac_only"
"880";"141";"Poa persica";"fac_only"
"881";"141";"Bunium cylindricum";"fac_only"
"882";"141";"Serratula latifolia";"fac_only"
"883";"141";"Melica persica";"fac_only"
"884";"141";"Marrubium vulgare";"fac_only"
"885";"141";"Elymus";"fac_only"
"886";"141";"Tragopogon vvedenskyi";"fac_only"
"887";"141";"Bothriochloa ischaemum";"fac_only"
"888";"141";"Phlomoides labiosa";"FT_only"
"889";"141";"Agropyron intermedium";"FT_only"
"890";"141";"Stipa arabica";"FT_only"
"891";"141";"Centaurea virgata";"FT_only"
"892";"141";"Cousinia sp.";"FT_only"
"893";"141";"Phlomis herba-venti";"FT_only"
"894";"141";"Astragalus chrysostachys";"FT_only"
"895";"141";"Amygdalus spinosissima";"FT_only"
"896";"141";"Bromus kopetdagensis";"FT_only"
"897";"141";"Acanthophyllum glandulosum";"FT_only"
"898";"142";"Acanthophyllum glandulosum";"match"
"899";"142";"Bunium cylindricum";"match"
"900";"142";"Acantholimon raddeanum";"match"
"901";"142";"Elymus repens";"match"
"902";"142";"Polygonum sewerzowii";"match"
"903";"142";"Verbascum cheiranthifolium";"match"
"904";"142";"Rosa persica";"match"
"905";"142";"Iris songarica";"match"
"906";"142";"Poa bulbosa";"match"
"907";"142";"Eremurus stenophyllus";"match"
"908";"142";"Lactuca orientalis";"match"
"909";"142";"Astragalus chrysostachys";"match"
"910";"142";"Acantholimon erinaceum";"match"
"911";"142";"Eryngium bungei";"match"
"912";"142";"Cirsium bornmuelleri";"match"
"913";"142";"Centaurea virgata";"match"
"914";"142";"Artemisia kopetdaghensis";"match"
"915";"142";"Artemisia aucheri";"fac_only"
"916";"142";"Euphorbia boissieri";"fac_only"
"917";"142";"Crucianella gilanica";"fac_only"
"918";"142";"Lappula barbata";"fac_only"
"919";"142";"Bupleurum falcatum";"fac_only"
"920";"142";"Heteranthelium piliferum";"fac_only"
"921";"142";"Alyssum szowitsianum";"fac_only"
"922";"142";"Festuca valesiaca";"fac_only"
"923";"142";"Stipa arabica";"fac_only"
"924";"142";"Tragopogon vvedenskyi";"fac_only"
"925";"142";"Allium xiphopetalum";"fac_only"
"926";"142";"Vicia subvillosa";"fac_only"
"927";"142";"Taraxacum montanum";"fac_only"
"928";"142";"Stipa turkestanica";"fac_only"
"929";"142";"Rochelia disperma";"fac_only"
"930";"142";"Erysimum ischnostylum";"fac_only"
"931";"142";"Phlomis cancellata";"fac_only"
"932";"142";"Agropyron sp.";"fac_only"
"933";"142";"Ziziphora clinopodioides";"fac_only"
"934";"142";"Eremopyrum bonaepartis";"fac_only"
"935";"142";"Eremopyrum";"fac_only"
"936";"142";"Thesium kotschyanum";"fac_only"
"937";"142";"Ziziphora persica";"fac_only"
"938";"142";"Acanthophyllum sp.";"fac_only"
"939";"142";"Dianthus polylepis";"FT_only"
"940";"142";"Onobrychis verae";"FT_only"
"941";"142";"Convolvulus lineatus";"FT_only"
"942";"142";"Bromus kopetdagensis";"FT_only"
"943";"142";"Cousinia sp.";"FT_only"
"944";"142";"Amygdalus spinosissima";"FT_only"
"945";"142";"Leontodon asperrimus";"FT_only"
"946";"142";"Cerasus microcarpa";"FT_only"
"947";"142";"Agropyron intermedium";"FT_only"
"948";"142";"Phlomis herba-venti";"FT_only"
"949";"142";"Juniperus polycarpos";"FT_only"
"950";"142";"Cotoneaster nummularius";"FT_only"
"951";"142";"Stipa barbata";"FT_only"
"952";"143";"Dianthus polylepis";"match"
"953";"143";"Convolvulus lineatus";"match"
"954";"143";"Centaurea iberica";"match"
"955";"143";"Festuca valesiaca";"match"
"956";"143";"Ziziphora clinopodioides";"match"
"957";"143";"Cerasus microcarpa";"match"
"958";"143";"Eremurus stenophyllus";"match"
"959";"143";"Verbascum cheiranthifolium";"match"
"960";"143";"Acantholimon erinaceum";"match"
"961";"143";"Elymus repens";"match"
"962";"143";"Eryngium bungei";"match"
"963";"143";"Cousinia sp.";"match"
"964";"143";"Cirsium bornmuelleri";"match"
"965";"143";"Astragalus chrysostachys";"match"
"966";"143";"Rosa persica";"match"
"967";"143";"Cotoneaster nummularius";"match"
"968";"143";"Centaurea virgata";"match"
"969";"143";"Acanthophyllum glandulosum";"match"
"970";"143";"Acantholimon raddeanum";"match"
"971";"143";"Poa bulbosa";"match"
"972";"143";"Lactuca orientalis";"match"
"973";"143";"Iris songarica";"match"
"974";"143";"Stipa arabica";"match"
"975";"143";"Artemisia kopetdaghensis";"fac_only"
"976";"143";"Crucianella gilanica";"fac_only"
"977";"143";"Bunium cylindricum";"fac_only"
"978";"143";"Heteranthelium piliferum";"fac_only"
"979";"143";"Alyssum szowitsianum";"fac_only"
"980";"143";"Euphorbia boissieri";"fac_only"
"981";"143";"Taraxacum montanum";"fac_only"
"982";"143";"Tragopogon vvedenskyi";"fac_only"
"983";"143";"Acanthophyllum korshinskyi";"fac_only"
"984";"143";"Allium xiphopetalum";"fac_only"
"985";"143";"Stipa turkestanica";"fac_only"
"986";"143";"Bothriochloa ischaemum";"fac_only"
"987";"143";"Rochelia disperma";"fac_only"
"988";"143";"Melica persica";"fac_only"
"989";"143";"Rosa canina";"fac_only"
"990";"143";"Juniperus polycarpos";"fac_only"
"991";"143";"Lappula barbata";"fac_only"
"992";"143";"Astragalus jolderensis";"fac_only"
"993";"143";"Lactuca serriola";"fac_only"
"994";"143";"Convolvulus arvensis";"fac_only"
"995";"143";"Stachys lavandulifolia";"fac_only"
"996";"143";"Erysimum ischnostylum";"fac_only"
"997";"143";"Bupleurum falcatum";"fac_only"
"998";"143";"Stipa torcamanica";"fac_only"
"999";"143";"Galium humifusum";"fac_only"
"1000";"143";"Scandix";"fac_only"
"1001";"143";"Acanthophyllum sp.";"fac_only"
"1002";"143";"Hypericum scabrum";"FT_only"
"1003";"143";"Bromus kopetdagensis";"FT_only"
"1004";"143";"Amygdalus spinosissima";"FT_only"
"1005";"143";"Leontodon asperrimus";"FT_only"
"1006";"143";"Phlomis herba-venti";"FT_only"
"1007";"143";"Rosa sp.";"FT_only"
"1008";"143";"Festuca ovina";"FT_only"
"1009";"144";"Cotoneaster nummularius";"match"
"1010";"144";"Teucrium polium";"match"
"1011";"144";"Melica ciliata";"match"
"1012";"144";"Dactylis glomerata";"match"
"1013";"144";"Silene sp.";"match"
"1014";"144";"Dracocephalum kotschyi";"match"
"1015";"144";"Cleistogenes serotina";"match"
"1016";"144";"Anthemis triumfetti";"match"
"1017";"144";"Echinops koelzii";"match"
"1018";"144";"Centaurea virgata";"match"
"1019";"144";"Ziziphora clinopodioides";"match"
"1020";"144";"Bothriochloa ischaemum";"match"
"1021";"144";"Quercus castaneifolia";"match"
"1022";"144";"Vincetoxicum scandens";"match"
"1023";"144";"Alyssopsis mollis";"match"
"1024";"144";"Astragalus jolderensis";"match"
"1025";"144";"Galium verum";"match"
"1026";"144";"Verbascum cheiranthifolium";"match"
"1027";"144";"Stipa bromoides";"match"
"1028";"144";"Hypericum scabrum";"match"
"1029";"144";"Poa bulbosa";"match"
"1030";"144";"Scabiosa columbaria";"match"
"1031";"144";"Paliurus spina-christi";"fac_only"
"1032";"144";"Aractium";"fac_only"
"1033";"144";"Thymus transcaspicus";"fac_only"
"1034";"144";"Tragopogon vvedenskyi";"fac_only"
"1035";"144";"Astragalus verus";"fac_only"
"1036";"144";"Callipeltis cucullaria";"fac_only"
"1037";"144";"Acinos graveolens";"fac_only"
"1038";"144";"Lactuca serriola";"fac_only"
"1039";"144";"Fumana procumbens";"fac_only"
"1040";"144";"Agropyron cristatum";"fac_only"
"1041";"144";"Carex halleriana";"fac_only"
"1042";"144";"Stachys turcomanica";"fac_only"
"1043";"144";"Cirsium sp.";"fac_only"
"1044";"144";"Lappula microcarpa";"fac_only"
"1045";"144";"Stipa arabica";"fac_only"
"1046";"144";"Tragopogon graminifolius";"fac_only"
"1047";"144";"Hymenocrater elegans";"fac_only"
"1048";"144";"Haplophyllum acutifolium";"fac_only"
"1049";"144";"Leontodon asperrimus";"fac_only"
"1050";"144";"Elymus repens";"fac_only"
"1051";"144";"Artemisia kopetdaghensis";"fac_only"
"1052";"144";"Eremurus stenophyllus";"fac_only"
"1053";"144";"Colutea buhsei";"fac_only"
"1054";"144";"Ephedra major";"fac_only"
"1055";"144";"Ziziphora persica";"fac_only"
"1056";"144";"Phlomis cancellata";"fac_only"
"1057";"144";"Rosa persica";"fac_only"
"1058";"144";"Centaurea sintenisiana";"fac_only"
"1059";"144";"Cerasus microcarpa";"fac_only"
"1060";"144";"Hymenocrater";"fac_only"
"1061";"144";"Cousinia stahliana";"fac_only"
"1062";"144";"Acanthophyllum sp.";"fac_only"
"1063";"144";"Noaea mucronata";"fac_only"
"1064";"144";"Rochelia disperma";"fac_only"
"1065";"144";"Allium fibrosum";"fac_only"
"1066";"144";"Rumex tuberosus";"fac_only"
"1067";"144";"Salvia sclarea";"fac_only"
"1068";"144";"Hordeum bulbosum";"fac_only"
"1069";"144";"Euphorbia falcata";"fac_only"
"1070";"144";"Lappula barbata";"fac_only"
"1071";"144";"Iris songarica";"FT_only"
"1072";"144";"Achillea biebersteinii";"FT_only"
"1073";"144";"Berberis integerrima";"FT_only"
"1074";"144";"Astragalus chrysostachys";"FT_only"
"1075";"144";"Sanguisorba minor";"FT_only"
"1076";"144";"Crataegus microphylla";"FT_only"
"1077";"145";"Amygdalus spinosissima";"match"
"1078";"145";"Rhamnus pallasii";"match"
"1079";"145";"Cerasus microcarpa";"match"
"1080";"145";"Paliurus spina-christi";"match"
"1081";"145";"Dactylis glomerata";"match"
"1082";"145";"Cotoneaster nummularius";"match"
"1083";"145";"Teucrium polium";"match"
"1084";"145";"Leontodon asperrimus";"match"
"1085";"145";"Hypericum scabrum";"match"
"1086";"145";"Crataegus microphylla";"match"
"1087";"145";"Cleistogenes serotina";"match"
"1088";"145";"Galium verum";"match"
"1089";"145";"Echinops koelzii";"match"
"1090";"145";"Euphorbia falcata";"match"
"1091";"145";"Silene sp.";"match"
"1092";"145";"Stipa bromoides";"match"
"1093";"145";"Poa bulbosa";"match"
"1094";"145";"Dracocephalum kotschyi";"match"
"1095";"145";"Quercus castaneifolia";"match"
"1096";"145";"Viola odorata";"match"
"1097";"145";"Juniperus communis";"match"
"1098";"145";"Fumana procumbens";"match"
"1099";"145";"Convolvulus lineatus";"match"
"1100";"145";"Vincetoxicum scandens";"match"
"1101";"145";"Bothriochloa ischaemum";"match"
"1102";"145";"Verbascum cheiranthifolium";"match"
"1103";"145";"Ziziphora clinopodioides";"match"
"1104";"145";"Centaurea virgata";"match"
"1105";"145";"Artemisia kopetdaghensis";"fac_only"
"1106";"145";"Ephedra major";"fac_only"
"1107";"145";"Verbascum sp.";"fac_only"
"1108";"145";"Carex halleriana";"fac_only"
"1109";"145";"Astragalus jolderensis";"fac_only"
"1110";"145";"Rochelia disperma";"fac_only"
"1111";"145";"Agropyron trichophorum";"fac_only"
"1112";"145";"Tragopogon graminifolius";"fac_only"
"1113";"145";"Cirsium arvensis";"fac_only"
"1114";"145";"Rumex tuberosus";"fac_only"
"1115";"145";"Convolvulus arvensis";"fac_only"
"1116";"145";"Haplophylum";"fac_only"
"1117";"145";"Stachys subaphylla";"fac_only"
"1118";"145";"Thymus transcaspicus";"fac_only"
"1119";"145";"Bromus tectorum";"fac_only"
"1120";"145";"Cynodon dactylon";"fac_only"
"1121";"145";"Bufonia oliveriana";"fac_only"
"1122";"145";"Acinos graveolens";"fac_only"
"1123";"145";"Artemisia scoparia";"fac_only"
"1124";"145";"Bulb sp1";"fac_only"
"1125";"145";"Allium fibrosum";"fac_only"
"1126";"145";"Stachys inflata";"fac_only"
"1127";"145";"Stipa arabica";"fac_only"
"1128";"145";"Rosa canina";"fac_only"
"1129";"145";"Elymus repens";"fac_only"
"1130";"145";"Centaurea sintenisiana";"fac_only"
"1131";"145";"Alyssopsis mollis";"fac_only"
"1132";"145";"Eremurus stenophyllus";"fac_only"
"1133";"145";"Phlomis cancellata";"fac_only"
"1134";"145";"Hymenocrater elegans";"fac_only"
"1135";"145";"Lactuca serriola";"fac_only"
"1136";"145";"Agropyron cristatum";"fac_only"
"1137";"145";"Acanthophyllum sp.";"fac_only"
"1138";"145";"Colutea buhsei";"fac_only"
"1139";"145";"Rosa persica";"fac_only"
"1140";"145";"Noaea mucronata";"fac_only"
"1141";"145";"Onobrychis melano";"fac_only"
"1142";"145";"Convolvulus commutatus";"fac_only"
"1143";"145";"Cousinia stahliana";"fac_only"
"1144";"145";"Ziziphora persica";"fac_only"
"1145";"145";"Berberis integerrima";"FT_only"
"1146";"145";"Anthemis triumfetti";"FT_only"
"1147";"145";"Stachys turcomanica";"FT_only"
"1148";"145";"Astragalus chrysostachys";"FT_only"
"1149";"146";"Iris songarica";"match"
"1150";"146";"Teucrium polium";"match"
"1151";"146";"Melica ciliata";"match"
"1152";"146";"Dactylis glomerata";"match"
"1153";"146";"Achillea biebersteinii";"match"
"1154";"146";"Berberis integerrima";"match"
"1155";"146";"Cerasus microcarpa";"match"
"1156";"146";"Eryngium caucasicum";"match"
"1157";"146";"Hypericum scabrum";"match"
"1158";"146";"Dracocephalum kotschyi";"match"
"1159";"146";"Crataegus microphylla";"match"
"1160";"146";"Sanguisorba minor";"match"
"1161";"146";"Quercus castaneifolia";"match"
"1162";"146";"Vincetoxicum scandens";"match"
"1163";"146";"Acer monspessulanum";"match"
"1164";"146";"Bothriochloa ischaemum";"match"
"1165";"146";"Centaurea virgata";"match"
"1166";"146";"Rumex tuberosus";"match"
"1167";"146";"Poa bulbosa";"match"
"1168";"146";"Polygonum aviculare";"match"
"1169";"146";"Anthemis triumfetti";"match"
"1170";"146";"Echinops koelzii";"match"
"1171";"146";"Cleistogenes serotina";"match"
"1172";"146";"Cousinia stahliana";"match"
"1173";"146";"Galium verum";"match"
"1174";"146";"Stipa bromoides";"match"
"1175";"146";"Colutea buhsei";"match"
"1176";"146";"Alyssopsis mollis";"match"
"1177";"146";"Celtis";"fac_only"
"1178";"146";"Cotoneaster nummularius";"fac_only"
"1179";"146";"Verbascum sp.";"fac_only"
"1180";"146";"Stachys turcomanica";"fac_only"
"1181";"146";"Thymus transcaspicus";"fac_only"
"1182";"146";"Acinos graveolens";"fac_only"
"1183";"146";"Elymus repens";"fac_only"
"1184";"146";"Allium fibrosum";"fac_only"
"1185";"146";"Tragopogon vvedenskyi";"fac_only"
"1186";"146";"Cirsium sp.";"fac_only"
"1187";"146";"Lonicera nummulariifolia";"fac_only"
"1188";"146";"Onobrochis";"fac_only"
"1189";"146";"Aractium";"fac_only"
"1190";"146";"Cirsium arvensis";"fac_only"
"1191";"146";"Lappula barbata";"fac_only"
"1192";"146";"Stachys subaphylla";"fac_only"
"1193";"146";"Callipeltis cucullaria";"fac_only"
"1194";"146";"Artemisia kopetdaghensis";"fac_only"
"1195";"146";"Rosa canina";"fac_only"
"1196";"146";"Lactuca serriola";"fac_only"
"1197";"146";"Salvia sclarea";"fac_only"
"1198";"146";"Ziziphora clinopodioides";"fac_only"
"1199";"146";"Hymenocrater elegans";"fac_only"
"1200";"146";"Centaurea sintenisiana";"fac_only"
"1201";"146";"Agropyron cristatum";"fac_only"
"1202";"146";"Serratula latifolia";"fac_only"
"1203";"146";"Avena sterilis";"fac_only"
"1204";"146";"Onobrochis melanotrica";"fac_only"
"1205";"146";"Fumana procumbens";"fac_only"
"1206";"146";"Taraxacum montanum";"fac_only"
"1207";"146";"Skrozorera";"fac_only"
"1208";"146";"Euphorbia falcata";"fac_only"
"1209";"146";"Potentilla recta";"FT_only"
"1210";"146";"Verbascum cheiranthifolium";"FT_only"
"1211";"146";"Silene sp.";"FT_only"
"1212";"146";"Bromus kopetdagensis";"FT_only"
"1213";"146";"Artemisia scoparia";"FT_only"
"1214";"147";"Pistacia vera";"match"
"1215";"147";"Carex stenophylla";"match"
"1216";"147";"Kochia prostrata";"fac_only"
"1217";"147";"Noaea mucronata";"fac_only"
"1218";"147";"Astragalus verus";"fac_only"
"1219";"148";"Centaurea virgata";"match"
"1220";"148";"Carex stenophylla";"match"
"1221";"148";"Kochia prostrata";"match"
"1222";"148";"Ephedra foliata";"match"
"1223";"148";"Noaea mucronata";"match"
"1224";"148";"Pistacia vera";"match"
"1225";"148";"Artemisia kopetdaghensis";"match"
"1226";"148";"Rosa persica";"match"
"1227";"148";"Zygophyllum atriplicoides";"match"
"1228";"148";"Khochia protate";"fac_only"
"1229";"148";"Phlomoides labiosa";"fac_only"
"1230";"148";"Salsola dendroides";"fac_only"
"1231";"148";"Bunium cylindricum";"fac_only"
"1232";"148";"Amygdalus spinosissima";"fac_only"
"1233";"148";"Astragalus brevidens";"fac_only"
"1234";"148";"Teucrium polium";"fac_only"
"1235";"148";"Stachys lavandulifolia";"fac_only"
"1236";"148";"Callipeltis cucullaria";"fac_only"
"1237";"148";"Linaria simplex";"fac_only"
"1238";"148";"Allium sp.";"fac_only"
"1239";"148";"Velezia rigida";"fac_only"
"1240";"148";"Koelpinia linearis";"fac_only"
"1241";"148";"Elymus repens";"FT_only"
"1242";"148";"Onobrychis chorassanica";"FT_only"
"1243";"148";"Stachys turcomanica";"FT_only"
"1244";"148";"Eremostachis labiosa";"FT_only"
"1245";"149";"Centaurea virgata";"match"
"1246";"149";"Haplophyllum acutifolium";"match"
"1247";"149";"Bunium cylindricum";"match"
"1248";"149";"Pistacia vera";"match"
"1249";"149";"Artemisia kopetdaghensis";"match"
"1250";"149";"Zygophyllum atriplicoides";"match"
"1251";"149";"Carex stenophylla";"match"
"1252";"149";"Ephedra foliata";"match"
"1253";"149";"Cousinia microcarpa";"fac_only"
"1254";"149";"Onobrychis radiata";"fac_only"
"1255";"149";"Galium elegans";"fac_only"
"1256";"149";"Koelpinia linearis";"fac_only"
"1257";"149";"Kochia prostrata";"fac_only"
"1258";"149";"Stachys lavandulifolia";"fac_only"
"1259";"149";"Stipa arabica";"fac_only"
"1260";"149";"Astragalus filicaulis";"fac_only"
"1261";"149";"Phlomoides labiosa";"fac_only"
"1262";"149";"Eremodaucus lehmannii";"fac_only"
"1263";"149";"Astragalus sp.";"fac_only"
"1264";"149";"Vicia subvillosa";"fac_only"
"1265";"149";"Onobrychis pulchella";"fac_only"
"1266";"149";"Onobrychis chorassanica";"fac_only"
"1267";"149";"Convolvulus lineatus";"fac_only"
"1268";"149";"Poa bulbosa";"fac_only"
"1269";"149";"Cousinia sp.";"fac_only"
"1270";"149";"Teucrium polium";"FT_only"
"1271";"150";"Zygophyllum atriplicoides";"match"
"1272";"150";"Pistacia vera";"match"
"1273";"150";"Carex stenophylla";"match"
"1274";"150";"Artemisia kopetdaghensis";"match"
"1275";"150";"Ephedra foliata";"match"
"1276";"150";"Galium elegans";"fac_only"
"1277";"150";"Eremodaucus lehmannii";"fac_only"
"1278";"150";"Bunium cylindricum";"fac_only"
"1279";"150";"Crambe kotschyana";"fac_only"
"1280";"150";"Amygdalus spinosissima";"fac_only"
"1281";"150";"Torginia latipholia";"fac_only"
"1282";"150";"Stachys lavandulifolia";"fac_only"
"1283";"150";"Stachys trinervis";"fac_only"
"1284";"150";"Allium sp.";"fac_only"
"1285";"150";"Noaea mucronata";"fac_only"
"1286";"150";"Astragalus brevidens";"fac_only"
"1287";"150";"Tulipa undulatifolia";"fac_only"
"1288";"150";"Alyssum desertorum";"fac_only"
"1289";"150";"Cousinia microcarpa";"fac_only"
"1290";"150";"Haplophyllum acutifolium";"fac_only"
"1291";"150";"Convolvulus lineatus";"fac_only"
"1292";"150";"Centaurea virgata";"FT_only"
"1293";"151";"Asparagus aphyllus";"match"
"1294";"151";"Rhamnus lycioides";"match"
"1295";"151";"Pistacia lentiscus";"match"
"1296";"151";"Ephedra foeminea";"match"
"1297";"151";"Ballota undulata";"match"
"1298";"151";"Phillyrea latifolia";"match"
"1299";"151";"Capparis spinosa";"fac_only"
"1300";"151";"Prasium majus";"fac_only"
"1301";"151";"Olea europaea";"fac_only"
"1302";"151";"Phagnalon rupestre";"fac_only"
"1303";"151";"Polygonum equisetiforme";"FT_only"
"1304";"152";"Ephedra foeminea";"match"
"1305";"152";"Asparagus aphyllus";"match"
"1306";"152";"Capparis spinosa";"match"
"1307";"152";"Olea europaea";"match"
"1308";"152";"Pistacia lentiscus";"match"
"1309";"152";"Rhamnus lycioides";"match"
"1310";"152";"Prasium majus";"fac_only"
"1311";"152";"Sarcopoterium spinosum";"fac_only"
"1312";"152";"Teucrium capitatum";"fac_only"
"1313";"152";"Phagnalon rupestre";"fac_only"
"1314";"152";"Amygdalus communis";"fac_only"
"1315";"153";"Capparis spinosa";"match"
"1316";"153";"Ephedra foeminea";"match"
"1317";"153";"Asparagus aphyllus";"match"
"1318";"153";"Sarcopoterium spinosum";"match"
"1319";"153";"Salvia dominica";"match"
"1320";"153";"Polygonum equisetiforme";"match"
"1321";"153";"Rhamnus lycioides";"match"
"1322";"153";"Ballota undulata";"match"
"1323";"153";"Echium judaeum";"fac_only"
"1324";"153";"Teucrium capitatum";"fac_only"
"1325";"153";"Ononis natrix";"fac_only"
"1326";"153";"Pallenis spinosa";"fac_only"
"1327";"153";"Piptatherum miliaceum";"fac_only"
"1328";"153";"Phagnalon rupestre";"FT_only"
"1329";"154";"Rhamnus lycioides";"match"
"1330";"154";"Ephedra foeminea";"match"
"1331";"154";"Phillyrea latifolia";"match"
"1332";"154";"Sarcopoterium spinosum";"match"
"1333";"154";"Hyparrhenia hirta";"match"
"1334";"154";"Fumana arabica";"match"
"1335";"154";"Teucrium capitatum";"match"
"1336";"154";"Asparagus aphyllus";"match"
"1337";"154";"Phagnalon rupestre";"match"
"1338";"154";"Pistacia lentiscus";"match"
"1339";"154";"Prasium majus";"fac_only"
"1340";"154";"Echium judaeum";"fac_only"
"1341";"154";"Helichrysum sanguineum";"fac_only"
"1342";"155";"Capparis spinosa";"match"
"1343";"155";"Foeniculum vulgare";"match"
"1344";"155";"Ephedra foeminea";"FT_only"
"1345";"155";"Origanum syriacum";"FT_only"
"1346";"156";"Capparis spinosa";"match"
"1347";"156";"Foeniculum vulgare";"match"
"1348";"156";"Dianthus strictus";"FT_only"
"1349";"157";"Foeniculum vulgare";"match"
"1350";"157";"Origanum syriacum";"match"
"1351";"157";"Capparis spinosa";"match"
"1352";"157";"Plumbago europaea";"FT_only"
"1353";"158";"Foeniculum vulgare";"match"
"1354";"158";"Dianthus strictus";"match"
"1355";"158";"Capparis spinosa";"match"
"1356";"158";"Hypericum triquetrifolium";"fac_only"
"1357";"159";"Teucrium capitatum";"match"
"1358";"159";"Noaea mucronata";"match"
"1359";"159";"Atractylis serratuloides";"match"
"1360";"159";"Thymelaea hirsuta";"match"
"1361";"159";"Pituranthos tortuosus";"fac_only"
"1362";"159";"Polygonum equisetiforme";"FT_only"
"1363";"159";"Argyrolobium uniflorum";"FT_only"
"1364";"160";"Atractylis serratuloides";"match"
"1365";"160";"Teucrium capitatum";"match"
"1366";"160";"Thymelaea hirsuta";"match"
"1367";"160";"Noaea mucronata";"match"
"1368";"160";"Argyrolobium uniflorum";"FT_only"
"1369";"161";"Teucrium capitatum";"match"
"1370";"161";"Thymelaea hirsuta";"match"
"1371";"161";"Noaea mucronata";"match"
"1372";"161";"Atractylis serratuloides";"match"
"1373";"162";"Atractylis serratuloides";"match"
"1374";"162";"Teucrium capitatum";"match"
"1375";"162";"Noaea mucronata";"match"
"1376";"162";"Phagnalon rupestre";"match"
"1377";"162";"Pituranthos tortuosus";"fac_only"
"1378";"162";"Reaumuria hirtella";"FT_only"
"1379";"162";"Thymelaea hirsuta";"FT_only"
"1380";"193";"Acacia mellifera";"match"
"1381";"193";"Grewia flava";"match"
"1382";"193";"Ipomoea bolusiana";"match"
"1383";"193";"Aristida congesta";"match"
"1384";"193";"Acacia erioloba";"match"
"1385";"193";"Aristida meridionalis";"match"
"1386";"193";"Asparagus cooperi";"match"
"1387";"193";"Merremia tridentata";"match"
"1388";"193";"Aristida stipitata";"match"
"1389";"193";"Acacia hebeclada";"match"
"1390";"193";"Cucumis africanus";"match"
"1391";"193";"Requienia sphaerosperma";"match"
"1392";"193";"Stipagrostis uniplumis";"match"
"1393";"193";"Lycium bosciifolium";"match"
"1394";"193";"Ziziphus mucronata";"match"
"1395";"193";"Pollichia campestris";"match"
"1396";"193";"Tephrosia burchellii";"match"
"1397";"193";"Senna italica";"match"
"1398";"193";"Pavonia burchellii";"fac_only"
"1399";"193";"Momordica balsamina";"fac_only"
"1400";"193";"Pergularia daemia";"fac_only"
"1401";"193";"Pupalia lappacea";"fac_only"
"1402";"193";"Rhynchosia minima";"fac_only"
"1403";"193";"Lycium hirsutum";"fac_only"
"1404";"193";"Talinum crispatulum";"fac_only"
"1405";"193";"Otoptera burchellii";"fac_only"
"1406";"193";"Hermannia tomentosa";"fac_only"
"1407";"193";"Orthanthera jasminiflora";"fac_only"
"1408";"193";"Ipomoea sp.";"fac_only"
"1409";"194";"Eragrostis lehmanniana";"match"
"1410";"194";"Aristida meridionalis";"match"
"1411";"194";"Acacia erioloba";"match"
"1412";"194";"Stipagrostis uniplumis";"match"
"1413";"194";"Aristida congesta";"match"
"1414";"194";"Aristida stipitata";"match"
"1415";"194";"Requienia sphaerosperma";"match"
"1416";"194";"Hermannia tomentosa";"match"
"1417";"194";"Tephrosia burchellii";"match"
"1418";"194";"Senna italica";"match"
"1419";"194";"Dicoma schinzii";"FT_only"
"1420";"194";"Cucumis africanus";"FT_only"
"1421";"194";"Asparagus cooperi";"FT_only"
"1422";"194";"Pollichia campestris";"FT_only"
"1423";"194";"Gnidia polycephala";"FT_only"
"1424";"195";"Requienia sphaerosperma";"match"
"1425";"195";"Merremia tridentata";"match"
"1426";"195";"Tephrosia burchellii";"match"
"1427";"195";"Aristida stipitata";"match"
"1428";"195";"Senna italica";"match"
"1429";"195";"Hermannia tomentosa";"match"
"1430";"195";"Aristida meridionalis";"match"
"1431";"195";"Aristida congesta";"match"
"1432";"195";"Stipagrostis uniplumis";"match"
"1433";"195";"Eragrostis lehmanniana";"FT_only"
"1434";"195";"Melinis repens";"FT_only"
"1435";"195";"Talinum crispatulum";"FT_only"
"1436";"195";"Trachyandra revoluta";"FT_only"
"1437";"195";"Pollichia campestris";"FT_only"
"1438";"195";"Acacia hebeclada";"FT_only"
"1439";"195";"Acacia erioloba";"FT_only"
"1440";"195";"Ziziphus mucronata";"FT_only"
"1441";"195";"Cucumis africanus";"FT_only"
"1442";"195";"Gnidia polycephala";"FT_only"
"1443";"195";"Asparagus cooperi";"FT_only"
"1444";"196";"Acacia mellifera";"match"
"1445";"196";"Ptycholobium biflorum";"match"
"1446";"196";"Ziziphus mucronata";"match"
"1447";"196";"Dichrostachys cinerea";"match"
"1448";"196";"Indigofera heterotricha";"match"
"1449";"196";"Dicoma schinzii";"match"
"1450";"196";"Melinis repens";"match"
"1451";"196";"Lapeirousia bainesii";"match"
"1452";"196";"Aristida meridionalis";"match"
"1453";"196";"Barleria macrostegia";"match"
"1454";"196";"Ipomoea welwitschii";"match"
"1455";"196";"Tephrosia burchellii";"match"
"1456";"196";"Walleria nutans";"match"
"1457";"196";"Raphionacme lanceolata";"match"
"1458";"196";"Tylosema esculentum";"match"
"1459";"196";"Indigofera alternans";"match"
"1460";"196";"Terminalia sericea";"match"
"1461";"196";"Albuca fleckii";"match"
"1462";"196";"Grewia flava";"match"
"1463";"196";"Schmidtia pappophoroides";"match"
"1464";"196";"Eragrostis lehmanniana";"match"
"1465";"196";"Lantana angolensis";"match"
"1466";"196";"Rhynchosia minima";"match"
"1467";"196";"Eragrostis rigidior";"match"
"1468";"196";"Stipagrostis uniplumis";"match"
"1469";"196";"Eragrostis pallens";"match"
"1470";"196";"Pollichia campestris";"match"
"1471";"196";"Rhus tenuinervis";"match"
"1472";"196";"Solanum delagoense";"match"
"1473";"196";"Aristida stipitata";"match"
"1474";"196";"Acacia erioloba";"match"
"1475";"196";"Elephantorrhiza elephantina";"match"
"1476";"196";"Tarchonanthus camphoratus";"match"
"1477";"196";"Talinum caffrum";"match"
"1478";"196";"Chamaecrista biensis";"fac_only"
"1479";"196";"Hermannia tomentosa";"fac_only"
"1480";"196";"Cyperus margaritaceus";"fac_only"
"1481";"196";"Merremia tridentata";"fac_only"
"1482";"196";"Sida ovata";"fac_only"
"1483";"196";"Blepharis integrifolia";"fac_only"
"1484";"196";"Geophyt indet.";"fac_only"
"1485";"196";"Cucumis meeusei";"fac_only"
"1486";"196";"Trachyandra saltii";"fac_only"
"1487";"196";"Hermannia pulchella";"fac_only"
"1488";"196";"Requienia sphaerosperma";"fac_only"
"1489";"196";"Eragrostis nindensis";"FT_only"
"1490";"196";"Aristida congesta";"FT_only"
"1491";"196";"Asparagus nelsii";"FT_only"
"1492";"196";"Commelina sp.";"FT_only"
"1493";"196";"Acacia hebeclada";"FT_only"
"1494";"196";"Trachyandra revoluta";"FT_only"
"1495";"196";"Melhania burchellii";"FT_only"
"1496";"196";"Corallocarpus schinzii";"FT_only"
"1497";"196";"Hermbstaedtia odorata";"FT_only"
"1498";"196";"Ozoroa paniculosa";"FT_only"
"1499";"197";"Ptycholobium biflorum";"match"
"1500";"197";"Aristida congesta";"match"
"1501";"197";"Trachyandra revoluta";"match"
"1502";"197";"Rhynchosia minima";"match"
"1503";"197";"Walleria nutans";"match"
"1504";"197";"Aristida meridionalis";"match"
"1505";"197";"Tephrosia burchellii";"match"
"1506";"197";"Cucumis meeusei";"match"
"1507";"197";"Merremia tridentata";"match"
"1508";"197";"Cyperus margaritaceus";"match"
"1509";"197";"Hermannia tomentosa";"match"
"1510";"197";"Albuca fleckii";"match"
"1511";"197";"Melhania burchellii";"match"
"1512";"197";"Dicoma schinzii";"match"
"1513";"197";"Barleria macrostegia";"match"
"1514";"197";"Trachyandra saltii";"match"
"1515";"197";"Aristida stipitata";"match"
"1516";"197";"Eragrostis lehmanniana";"match"
"1517";"197";"Indigofera alternans";"match"
"1518";"197";"Dichrostachys cinerea";"match"
"1519";"197";"Indigofera heterotricha";"match"
"1520";"197";"Eragrostis rigidior";"match"
"1521";"197";"Ipomoea welwitschii";"match"
"1522";"197";"Lapeirousia bainesii";"match"
"1523";"197";"Grewia flava";"match"
"1524";"197";"Tylosema esculentum";"match"
"1525";"197";"Melinis repens";"match"
"1526";"197";"Triraphis schinzii";"match"
"1527";"197";"Fockea angustifolia";"match"
"1528";"197";"Talinum caffrum";"match"
"1529";"197";"Terminalia sericea";"match"
"1530";"197";"Stipagrostis uniplumis";"match"
"1531";"197";"Raphionacme lanceolata";"match"
"1532";"197";"Asparagus sp.";"match"
"1533";"197";"Schmidtia pappophoroides";"match"
"1534";"197";"Elephantorrhiza elephantina";"match"
"1535";"197";"Acacia erioloba";"match"
"1536";"197";"Tarchonanthus camphoratus";"match"
"1537";"197";"Ornithoglossum vulgare";"fac_only"
"1538";"197";"Blepharis integrifolia";"fac_only"
"1539";"197";"Sida ovata";"fac_only"
"1540";"197";"Commelina livingstonii";"fac_only"
"1541";"197";"Acacia fleckii";"fac_only"
"1542";"197";"Babiana hypogea";"fac_only"
"1543";"197";"Seddera suffruticosa";"fac_only"
"1544";"197";"Eragrostis nindensis";"fac_only"
"1545";"197";"Eragrostis pallens";"fac_only"
"1546";"197";"Geophyt indet.";"fac_only"
"1547";"197";"Asteraceae indet.";"fac_only"
"1548";"197";"Sida cordifolia";"fac_only"
"1549";"197";"Commelina sp.";"FT_only"
"1550";"197";"Requienia sphaerosperma";"FT_only"
"1551";"197";"Ziziphus mucronata";"FT_only"
"1552";"197";"Acacia hebeclada";"FT_only"
"1553";"197";"Acacia mellifera";"FT_only"
"1554";"197";"Digitaria seriata";"FT_only"
"1555";"197";"Ozoroa paniculosa";"FT_only"
"1556";"197";"Pollichia campestris";"FT_only"
"1557";"197";"Pentarrhinum insipidum";"FT_only"
"1558";"198";"Aristida congesta";"match"
"1559";"198";"Eragrostis nindensis";"match"
"1560";"198";"Triraphis schinzii";"match"
"1561";"198";"Raphionacme lanceolata";"match"
"1562";"198";"Terminalia sericea";"match"
"1563";"198";"Albuca fleckii";"match"
"1564";"198";"Lantana angolensis";"match"
"1565";"198";"Grewia flava";"match"
"1566";"198";"Hermannia tomentosa";"match"
"1567";"198";"Dichrostachys cinerea";"match"
"1568";"198";"Barleria macrostegia";"match"
"1569";"198";"Indigofera alternans";"match"
"1570";"198";"Dicoma schinzii";"match"
"1571";"198";"Blepharis integrifolia";"match"
"1572";"198";"Aristida stipitata";"match"
"1573";"198";"Eragrostis rigidior";"match"
"1574";"198";"Eragrostis lehmanniana";"match"
"1575";"198";"Rhynchosia minima";"match"
"1576";"198";"Melinis repens";"match"
"1577";"198";"Walleria nutans";"match"
"1578";"198";"Merremia tridentata";"match"
"1579";"198";"Tylosema esculentum";"match"
"1580";"198";"Aristida meridionalis";"match"
"1581";"198";"Indigofera heterotricha";"match"
"1582";"198";"Cucumis meeusei";"match"
"1583";"198";"Trachyandra revoluta";"match"
"1584";"198";"Tephrosia burchellii";"match"
"1585";"198";"Acacia erioloba";"match"
"1586";"198";"Talinum caffrum";"match"
"1587";"198";"Schmidtia pappophoroides";"match"
"1588";"198";"Stipagrostis uniplumis";"match"
"1589";"198";"Lapeirousia bainesii";"match"
"1590";"198";"Sida ovata";"fac_only"
"1591";"198";"Melhania burchellii";"fac_only"
"1592";"198";"Seddera suffruticosa";"fac_only"
"1593";"198";"Acacia mellifera";"FT_only"
"1594";"198";"Ziziphus mucronata";"FT_only"
"1595";"198";"Acacia hebeclada";"FT_only"
"1596";"198";"Elephantorrhiza elephantina";"FT_only"
"1597";"198";"Tarchonanthus camphoratus";"FT_only"
"1598";"198";"Pollichia campestris";"FT_only"
"1599";"198";"Ozoroa paniculosa";"FT_only"
"1600";"198";"Gnidia polycephala";"FT_only"
"1601";"199";"Acacia mellifera";"match"
"1602";"199";"Raphionacme lanceolata";"match"
"1603";"199";"Lantana angolensis";"match"
"1604";"199";"Acacia erioloba";"match"
"1605";"199";"Sida cordifolia";"match"
"1606";"199";"Dichrostachys cinerea";"match"
"1607";"199";"Digitaria seriata";"match"
"1608";"199";"Commelina africana";"match"
"1609";"199";"Asparagus nelsii";"match"
"1610";"199";"Clerodendrum ternatum";"match"
"1611";"199";"Ipomoea bolusiana";"match"
"1612";"199";"Stipagrostis uniplumis";"match"
"1613";"199";"Bauhinia petersiana";"match"
"1614";"199";"Grewia flava";"match"
"1615";"199";"Ipomoea dichoroa";"match"
"1616";"199";"Eragrostis rigidior";"match"
"1617";"199";"Commiphora angolensis";"match"
"1618";"199";"Blepharis mitrata";"match"
"1619";"199";"Grewia flavescens";"match"
"1620";"199";"Panicum maximum";"match"
"1621";"199";"Ozoroa schinzii";"match"
"1622";"199";"Commiphora africana";"match"
"1623";"199";"Croton gratissimus";"match"
"1624";"199";"Acacia fleckii";"match"
"1625";"199";"Acacia ataxacantha";"match"
"1626";"199";"Acacia luederitzii";"match"
"1627";"199";"Terminalia sericea";"match"
"1628";"199";"Peltophorum africanum";"match"
"1629";"199";"Commelina benghalensis";"fac_only"
"1630";"199";"Rhynchosia totta";"fac_only"
"1631";"199";"Herb indet.1";"fac_only"
"1632";"199";"Cyperus margaritaceus";"fac_only"
"1633";"199";"Combretum collinum";"fac_only"
"1634";"199";"Clerodendrum uncinatum";"fac_only"
"1635";"199";"Eragrostis trichophora";"fac_only"
"1636";"199";"Combretum hereroense";"fac_only"
"1637";"199";"Albuca fleckii";"fac_only"
"1638";"199";"Merremia tridentata";"fac_only"
"1639";"199";"Pergularia daemia";"fac_only"
"1640";"199";"Combretum indet.";"fac_only"
"1641";"199";"Pupalia lappacea";"fac_only"
"1642";"199";"Plukenetia africana";"fac_only"
"1643";"199";"Ptycholobium biflorum";"fac_only"
"1644";"199";"Acacia hebeclada";"fac_only"
"1645";"199";"Ipomoea obscura";"fac_only"
"1646";"199";"Eragrostis lehmanniana";"FT_only"
"1647";"199";"Ochna pulchra";"FT_only"
"1648";"199";"Melinis repens";"FT_only"
"1649";"199";"Rhigozum brevispinosum";"FT_only"
"1650";"199";"Ipomoea sp.";"FT_only"
"1651";"199";"Asparagus sp.";"FT_only"
"1652";"200";"Cyperus margaritaceus";"match"
"1653";"200";"Albuca fleckii";"match"
"1654";"200";"Eragrostis pallens";"match"
"1655";"200";"Merremia tridentata";"match"
"1656";"200";"Asparagus nelsii";"match"
"1657";"200";"Dichrostachys cinerea";"match"
"1658";"200";"Clerodendrum ternatum";"match"
"1659";"200";"Ozoroa schinzii";"match"
"1660";"200";"Aristida meridionalis";"match"
"1661";"200";"Acacia fleckii";"match"
"1662";"200";"Acacia ataxacantha";"match"
"1663";"200";"Ptycholobium biflorum";"match"
"1664";"200";"Grewia flavescens";"match"
"1665";"200";"Schmidtia pappophoroides";"match"
"1666";"200";"Psydrax livida";"match"
"1667";"200";"Commiphora angolensis";"match"
"1668";"200";"Baphia massaiensis";"match"
"1669";"200";"Bauhinia petersiana";"match"
"1670";"200";"Digitaria seriata";"match"
"1671";"200";"Terminalia sericea";"match"
"1672";"200";"Croton gratissimus";"match"
"1673";"200";"Neorautanenia amboensis";"match"
"1674";"200";"Mundulea sericea";"match"
"1675";"200";"Sida cordifolia";"match"
"1676";"200";"Stipagrostis uniplumis";"match"
"1677";"200";"Asparagus sp.";"match"
"1678";"200";"Ochna pulchra";"match"
"1679";"200";"Baissea wulfhorstii";"match"
"1680";"200";"Rhynchosia totta";"fac_only"
"1681";"200";"Pavonia clathrata";"fac_only"
"1682";"200";"Commelina benghalensis";"fac_only"
"1683";"200";"Duvalia polita";"fac_only"
"1684";"200";"Tricliceras schinzii";"fac_only"
"1685";"200";"Geophyt indet.";"fac_only"
"1686";"200";"Combretum engleri";"fac_only"
"1687";"200";"Combretum indet.";"fac_only"
"1688";"200";"Chamaecrista biensis";"fac_only"
"1689";"200";"Ozoroa paniculosa";"FT_only"
"1690";"200";"Philenoptera nelsii";"FT_only"
"1691";"200";"Melinis repens";"FT_only"
"1692";"200";"Commelina sp.";"FT_only"
"1693";"200";"Peltophorum africanum";"FT_only"
"1694";"200";"Combretum psidioides";"FT_only"
"1695";"200";"Grewia flava";"FT_only"
"1696";"200";"Combretum collinum";"FT_only"
"1697";"200";"Combretum zeyheri";"FT_only"
"1698";"201";"Mundulea sericea";"match"
"1699";"201";"Baissea wulfhorstii";"match"
"1700";"201";"Ochna pulchra";"match"
"1701";"201";"Terminalia sericea";"match"
"1702";"201";"Combretum engleri";"match"
"1703";"201";"Bauhinia petersiana";"match"
"1704";"201";"Digitaria seriata";"match"
"1705";"201";"Combretum zeyheri";"match"
"1706";"201";"Grewia flavescens";"match"
"1707";"201";"Ozoroa schinzii";"match"
"1708";"201";"Croton gratissimus";"match"
"1709";"201";"Aristida meridionalis";"match"
"1710";"201";"Combretum collinum";"match"
"1711";"201";"Acacia ataxacantha";"match"
"1712";"201";"Commelina africana";"match"
"1713";"201";"Neorautanenia amboensis";"match"
"1714";"201";"Stipagrostis uniplumis";"match"
"1715";"201";"Baphia massaiensis";"match"
"1716";"201";"Combretum psidioides";"match"
"1717";"201";"Commiphora angolensis";"match"
"1718";"201";"Acacia fleckii";"match"
"1719";"201";"Merremia tridentata";"fac_only"
"1720";"201";"Cyperus margaritaceus";"fac_only"
"1721";"201";"Rhynchosia totta";"fac_only"
"1722";"201";"Ptycholobium biflorum";"fac_only"
"1723";"201";"Tree indet.";"fac_only"
"1724";"201";"Psydrax livida";"fac_only"
"1725";"201";"Blepharis maderaspatensis";"fac_only"
"1726";"201";"Pavonia clathrata";"fac_only"
"1727";"201";"Eragrostis trichophora";"fac_only"
"1728";"201";"Lapeirousia odoratissima";"fac_only"
"1729";"201";"Sida cordifolia";"fac_only"
"1730";"201";"Albuca fleckii";"FT_only"
"1731";"201";"Asparagus nelsii";"FT_only"
"1732";"201";"Commiphora africana";"FT_only"
"1733";"201";"Schmidtia pappophoroides";"FT_only"
"1734";"201";"Commelina sp.";"FT_only"
"1735";"201";"Philenoptera nelsii";"FT_only"
"1736";"201";"Acacia erubescens";"FT_only"
"1737";"201";"Dichrostachys cinerea";"FT_only"
"1738";"201";"Melinis repens";"FT_only"
"1739";"214";"Centropodia glauca";"match"
"1740";"214";"Stipagrostis amabilis";"match"
"1741";"214";"Rhigozum trichotomum";"match"
"1742";"214";"Acacia mellifera";"match"
"1743";"214";"Acacia erioloba";"match"
"1744";"214";"Acacia melliferasmall";"fac_only"
"1745";"214";"Senna italica";"FT_only"
"1746";"215";"Aristida meridionalis";"match"
"1747";"215";"Stipagrostis amabilis";"match"
"1748";"215";"Rhigozum trichotomum";"match"
"1749";"215";"Acacia haematoxylon";"match"
"1750";"215";"Acacia mellifera";"match"
"1751";"215";"Centropodia glauca";"match"
"1752";"215";"Acacia erioloba";"fac_only"
"1753";"215";"Ocumers";"fac_only"
"1754";"215";"Grewia flava";"fac_only"
"1755";"215";"Asparagus sp.";"fac_only"
"1756";"215";"Senna italica";"FT_only"
"1757";"216";"Grewia flava";"match"
"1758";"216";"Aptosimum elongatum";"match"
"1759";"216";"Stipagrostis amabilis";"match"
"1760";"216";"Acacia haematoxylon";"match"
"1761";"216";"Aristida meridionalis";"match"
"1762";"216";"Senna italica";"match"
"1763";"216";"Stipagrostis obtusa";"match"
"1764";"216";"Centropodia glauca";"match"
"1765";"216";"Lycium sp.";"fac_only"
"1766";"216";"Talinum crispatulum";"FT_only"
"1767";"247";"Drosanthemum lique";"match"
"1768";"247";"Drosanthemum praecultum";"match"
"1769";"247";"Osteospermum sinuatum";"match"
"1770";"247";"Monsonia camdeboensis";"match"
"1771";"247";"Pteronia pallens";"match"
"1772";"247";"Galenia fruticosa";"match"
"1773";"247";"Ruschia spinosa";"match"
"1774";"247";"Pentzia lanata";"match"
"1775";"247";"Rhinephyllum graniforme";"match"
"1776";"247";"Lachenalia maughanii";"match"
"1777";"247";"Pteronia viscosa";"match"
"1778";"247";"Ruschia approximata";"match"
"1779";"247";"Zygophyllum retrofractum";"match"
"1780";"247";"Lycium schizocalyx";"match"
"1781";"247";"Phyllobolus splendens";"match"
"1782";"247";"Chrysocoma ciliata";"match"
"1783";"247";"Eriocephalus ericoides";"match"
"1784";"247";"Tetragonia spicata";"match"
"1785";"247";"Limeum aethiopicum";"match"
"1786";"247";"Galenia africana";"match"
"1787";"247";"Bulb sp1";"fac_only"
"1788";"247";"Thesium lineatum";"fac_only"
"1789";"247";"Eriocephalus ambiguus";"fac_only"
"1790";"247";"Hermannia grandiflora";"fac_only"
"1791";"247";"Berkheya heterophylla";"fac_only"
"1792";"247";"Stapeliopsis sp.";"fac_only"
"1793";"247";"Crassula muscosa";"fac_only"
"1794";"247";"Crassula subaphylla";"fac_only"
"1795";"247";"Euphorbia caterviflora";"fac_only"
"1796";"247";"Rosenia humilis";"fac_only"
"1797";"247";"Drosanthemum hispidum";"fac_only"
"1798";"247";"Pteronia sordida";"fac_only"
"1799";"247";"Gazania krebsiana";"FT_only"
"1800";"247";"Asparagus recurvispinus";"FT_only"
"1801";"247";"Pentzia sp.";"FT_only"
"1802";"247";"Crassula corallina";"FT_only"
"1803";"248";"Crassula muscosa";"match"
"1804";"248";"Senecio radicans";"match"
"1805";"248";"Monsonia camdeboensis";"match"
"1806";"248";"Crassula subaphylla";"match"
"1807";"248";"Pteronia pallens";"match"
"1808";"248";"Tetragonia spicata";"match"
"1809";"248";"Ruschia spinosa";"match"
"1810";"248";"Pteronia sordida";"match"
"1811";"248";"Galenia fruticosa";"match"
"1812";"248";"Pelargonium karooicum";"match"
"1813";"248";"Lachenalia maughanii";"match"
"1814";"248";"Pteronia viscosa";"match"
"1815";"248";"Phyllobolus splendens";"match"
"1816";"248";"Eriocephalus ericoides";"match"
"1817";"248";"Chrysocoma ciliata";"match"
"1818";"248";"Hereroa latipetala";"match"
"1819";"248";"Pentzia lanata";"match"
"1820";"248";"Asparagus recurvispinus";"match"
"1821";"248";"Rhinephyllum graniforme";"match"
"1822";"248";"Othonna sp.";"match"
"1823";"248";"Euphorbia caterviflora";"fac_only"
"1824";"248";"Drosanthemum hispidum";"fac_only"
"1825";"248";"Crassula corallina";"fac_only"
"1826";"248";"Thesium lineatum";"fac_only"
"1827";"248";"Drosanthemum praecultum";"fac_only"
"1828";"248";"Ruschia approximata";"fac_only"
"1829";"248";"Pentzia incana";"FT_only"
"1830";"248";"Crassula deltoidea";"FT_only"
"1831";"248";"Lycium schizocalyx";"FT_only"
"1832";"249";"Drosanthemum praecultum";"match"
"1833";"249";"Crassula muscosa";"match"
"1834";"249";"Tetragonia spicata";"match"
"1835";"249";"Phyllobolus splendens";"match"
"1836";"249";"Ruschia spinosa";"match"
"1837";"249";"Crassula deltoidea";"match"
"1838";"249";"Crassula subaphylla";"match"
"1839";"249";"Brownanthus ciliatus";"match"
"1840";"249";"Hereroa latipetala";"match"
"1841";"249";"Osteospermum sinuatum";"match"
"1842";"249";"Hereroa fimbriata";"match"
"1843";"249";"Galenia fruticosa";"match"
"1844";"249";"Pteronia pallens";"match"
"1845";"249";"Drimia intricata";"fac_only"
"1846";"249";"Euphorbia caterviflora";"fac_only"
"1847";"249";"Malephora lutea";"fac_only"
"1848";"249";"Augea capensis";"fac_only"
"1849";"249";"Pteronia empetrifolia";"fac_only"
"1850";"249";"Chrysocoma ciliata";"FT_only"
"1851";"249";"Berkheya spinosa";"FT_only"
"1852";"249";"Gazania krebsiana";"FT_only"
"1853";"249";"Psilocaulon junceum";"FT_only"
"1854";"250";"Trichodiadema setuliferum";"match"
"1855";"250";"Drosanthemum praecultum";"match"
"1856";"250";"Thesium hystrix";"match"
"1857";"250";"Enneapogon scaber";"match"
"1858";"250";"Blepharis capensis";"match"
"1859";"250";"Helichrysum zeyheri";"match"
"1860";"250";"Aristida diffusa";"match"
"1861";"250";"Lycium cinereum";"match"
"1862";"250";"Tribulus terrestris";"match"
"1863";"250";"Rosenia humilis";"match"
"1864";"250";"Eriocephalus ericoides";"match"
"1865";"250";"Senecio radicans";"match"
"1866";"250";"Hermannia cuneifolia";"match"
"1867";"250";"Bulb sp1";"match"
"1868";"250";"Aristida congesta";"match"
"1869";"250";"Monsonia crassicaulis";"match"
"1870";"250";"Cynodon incompletus";"match"
"1871";"250";"Euphorbia ferox";"match"
"1872";"250";"Asparagus mucronatus";"match"
"1873";"250";"Limeum aethiopicum";"match"
"1874";"250";"Ruschia spinosa";"match"
"1875";"250";"Trichodiadema sp.";"match"
"1876";"250";"Pentzia incana";"match"
"1877";"250";"Eriospermum paradoxum";"match"
"1878";"250";"Drosanthemum lique";"match"
"1879";"250";"Selago pulchra";"fac_only"
"1880";"250";"Crassula capitella";"fac_only"
"1881";"250";"Asparagus striatus";"fac_only"
"1882";"250";"Duvalia caespitosa";"fac_only"
"1883";"250";"Anacampseros arachnoides";"fac_only"
"1884";"250";"Crassula corallina";"fac_only"
"1885";"250";"Phymaspermum parvifolium";"fac_only"
"1886";"250";"Galenia fruticosa";"FT_only"
"1887";"250";"Phyllobolus splendens";"FT_only"
"1888";"250";"Galenia sarcophylla";"FT_only"
"1889";"250";"Hermannia coccocarpa";"FT_only"
"1890";"250";"Indigofera sessilifolia";"FT_only"
"1891";"250";"Chrysocoma ciliata";"FT_only"
"1892";"250";"Lotononis sp.";"FT_only"
"1893";"250";"Asparagus capensis";"FT_only"
"1894";"251";"Senecio radicans";"match"
"1895";"251";"Drosanthemum lique";"match"
"1896";"251";"Eriocephalus ericoides";"match"
"1897";"251";"Trichodiadema setuliferum";"match"
"1898";"251";"Enneapogon scaber";"match"
"1899";"251";"Trichodiadema sp.";"match"
"1900";"251";"Limeum aethiopicum";"match"
"1901";"251";"Crassula muscosa";"match"
"1902";"251";"Othonna sedifolia";"match"
"1903";"251";"Lycium cinereum";"match"
"1904";"251";"Senecio acutifolius";"match"
"1905";"251";"Rosenia humilis";"match"
"1906";"251";"Aristida congesta";"match"
"1907";"251";"Crassula capitella";"match"
"1908";"251";"Asparagus mucronatus";"match"
"1909";"251";"Bulb sp1";"match"
"1910";"251";"Pentzia incana";"match"
"1911";"251";"Ruschia spinosa";"match"
"1912";"251";"Monsonia crassicaulis";"match"
"1913";"251";"Thesium hystrix";"match"
"1914";"251";"Hermannia cuneifolia";"match"
"1915";"251";"Indigofera sessilifolia";"match"
"1916";"251";"Euphorbia ferox";"match"
"1917";"251";"Drosanthemum praecultum";"match"
"1918";"251";"Chrysocoma ciliata";"match"
"1919";"251";"Bulbine frutescens";"match"
"1920";"251";"Asparagus capensis";"match"
"1921";"251";"Blepharis capensis";"match"
"1922";"251";"Aristida diffusa";"match"
"1923";"251";"Anacampseros arachnoides";"fac_only"
"1924";"251";"Crassula tetragona";"fac_only"
"1925";"251";"Felicia hirsuta";"fac_only"
"1926";"251";"Hypertelis bowkeriana";"fac_only"
"1927";"251";"Euphorbia caterviflora";"fac_only"
"1928";"251";"Selago pulchra";"fac_only"
"1929";"251";"Pentzia sp.";"FT_only"
"1930";"251";"Eragrostis lehmanniana";"FT_only"
"1931";"251";"Phyllobolus splendens";"FT_only"
"1932";"251";"Galenia sarcophylla";"FT_only"
"1933";"251";"Eragrostis obtusa";"FT_only"
"1934";"251";"Eriospermum paradoxum";"FT_only"
"1935";"251";"Cynodon incompletus";"FT_only"
"1936";"251";"Helichrysum zeyheri";"FT_only"
"1937";"252";"Eragrostis lehmanniana";"match"
"1938";"252";"Indigofera sessilifolia";"match"
"1939";"252";"Limeum aethiopicum";"match"
"1940";"252";"Blepharis capensis";"match"
"1941";"252";"Drosanthemum lique";"match"
"1942";"252";"Rosenia humilis";"match"
"1943";"252";"Senecio acutifolius";"match"
"1944";"252";"Geigeria ornativa";"match"
"1945";"252";"Senecio radicans";"match"
"1946";"252";"Hypertelis bowkeriana";"match"
"1947";"252";"Trichodiadema setuliferum";"match"
"1948";"252";"Aristida congesta";"match"
"1949";"252";"Trichodiadema sp.";"match"
"1950";"252";"Barleria rigida";"match"
"1951";"252";"Thesium hystrix";"match"
"1952";"252";"Lycium cinereum";"match"
"1953";"252";"Pentzia incana";"match"
"1954";"252";"Monsonia crassicaulis";"match"
"1955";"252";"Eragrostis obtusa";"match"
"1956";"252";"Enneapogon scaber";"match"
"1957";"252";"Ruschia spinosa";"match"
"1958";"252";"Crassula muscosa";"match"
"1959";"252";"Drosanthemum praecultum";"match"
"1960";"252";"Aristida diffusa";"fac_only"
"1961";"252";"Euphorbia caterviflora";"fac_only"
"1962";"252";"Lotononis sp2";"fac_only"
"1963";"252";"Tribulus terrestris";"FT_only"
"1964";"252";"Asparagus mucronatus";"FT_only"
"1965";"252";"Hermannia cuneifolia";"FT_only"
"1966";"252";"Selago pulchra";"FT_only"
"1967";"252";"Hermannia coccocarpa";"FT_only"
"1968";"252";"Duvalia caespitosa";"FT_only"
"1969";"252";"Galenia sarcophylla";"FT_only"
"1970";"252";"Asparagus capensis";"FT_only"
"1971";"272";"Teucrium capitatum";"match"
"1972";"272";"Stipa parviflora";"match"
"1973";"272";"Helianthemum hirtum";"match"
"1974";"272";"Stipa barbata";"match"
"1975";"272";"Helianthemum asperum";"match"
"1976";"272";"Coronilla minima";"match"
"1977";"272";"Astragalus incanus";"match"
"1978";"272";"Teucrium gnaphalodes";"match"
"1979";"272";"Hedysarum boveanum";"match"
"1980";"272";"Matthiola fruticulosa";"match"
"1981";"272";"Thymus zygis";"match"
"1982";"272";"Helianthemum small";"match"
"1983";"272";"Plantago albicans";"match"
"1984";"272";"Phlomis lychnitis";"match"
"1985";"272";"Retama";"fac_only"
"1986";"272";"Linum suffruticosum";"fac_only"
"1987";"272";"Stipa tenacissima";"fac_only"
"1988";"272";"Helianthemum sp.";"fac_only"
"1989";"272";"Dactilis";"fac_only"
"1990";"272";"Helianthemum rotundifolium";"fac_only"
"1991";"272";"Helianthemum squamatum";"fac_only"
"1992";"272";"Erodium";"fac_only"
"1993";"272";"Thymus vulgaris";"FT_only"
"1994";"272";"Retama sphaerocarpa";"FT_only"
"1995";"272";"Lepidium subulatum";"FT_only"
"1996";"273";"Genista scorpius";"match"
"1997";"273";"Teucrium gnaphalodes";"match"
"1998";"273";"Thymus zygis";"match"
"1999";"273";"Plantago albicans";"match"
"2000";"273";"Stipa parviflora";"match"
"2001";"273";"Hedysarum boveanum";"match"
"2002";"273";"Matthiola fruticulosa";"match"
"2003";"273";"Helianthemum hirtum";"match"
"2004";"273";"Stipa barbata";"match"
"2005";"273";"Astragalus incanus";"match"
"2006";"273";"Helianthemum small";"match"
"2007";"273";"Teucrium capitatum";"match"
"2008";"273";"Coronilla minima";"match"
"2009";"273";"Helianthemum asperum";"match"
"2010";"273";"Phlomis lychnitis";"match"
"2011";"273";"Stipa tenacissima";"fac_only"
"2012";"273";"Helianthemum rotundifolium";"fac_only"
"2013";"273";"Erodium";"fac_only"
"2014";"273";"Helianthemum squamatum";"FT_only"
"2015";"273";"Lepidium subulatum";"FT_only"
"2016";"273";"Helianthemum cinereum";"FT_only"
"2017";"273";"Koeleria vallesiana";"FT_only"
"2018";"274";"Stipa tenacissima";"match"
"2019";"274";"Helianthemum squamatum";"match"
"2020";"274";"Teucrium gnaphalodes";"match"
"2021";"274";"Koeleria vallesiana";"match"
"2022";"274";"Matthiola fruticulosa";"match"
"2023";"274";"Plantago albicans";"match"
"2024";"274";"Coronilla minima";"match"
"2025";"274";"Helianthemum asperum";"match"
"2026";"274";"Stipa parviflora";"match"
"2027";"274";"Stipa barbata";"match"
"2028";"274";"Helianthemum hirtum";"match"
"2029";"274";"Phlomis lychnitis";"match"
"2030";"274";"Hedysarum boveanum";"match"
"2031";"274";"Helianthemum small";"match"
"2032";"274";"Thymus zygis";"match"
"2033";"274";"Genista scorpius";"match"
"2034";"274";"Teucrium capitatum";"match"
"2035";"274";"Astragalus incanus";"match"
"2036";"274";"Gypsophila";"fac_only"
"2037";"274";"Helianthemum rotundifolium";"fac_only"
"2038";"274";"Linum suffruticosum";"fac_only"
"2039";"274";"Herniaria fruticosa";"fac_only"
"2040";"274";"Helianthemum marifolium";"fac_only"
"2041";"274";"Helianthemum cinereum";"FT_only"
"2042";"274";"Retama sphaerocarpa";"FT_only"
"2043";"274";"Gypsophila struthium";"FT_only"
"2044";"274";"Lepidium subulatum";"FT_only"
"2045";"274";"Launaea fragilis";"FT_only"
"2046";"289";"Phlomis lychnitis";"match"
"2047";"289";"Phlomis purpurea";"match"
"2048";"289";"Asparagus horridus";"match"
"2049";"289";"Lavandula multifida";"match"
"2050";"289";"Launaea lanifera";"match"
"2051";"289";"Palmito sp.";"fac_only"
"2052";"289";"Stipa";"fac_only"
"2053";"289";"Thymus";"fac_only"
"2054";"289";"Teucrium sp1";"fac_only"
"2055";"289";"Lycium sp.";"fac_only"
"2056";"289";"Phagnalon sp.";"fac_only"
"2057";"289";"Rhamnus";"fac_only"
"2058";"289";"Tussock sp.";"fac_only"
"2059";"289";"Teucrium sp2";"fac_only"
"2060";"289";"Genista ramosissima";"FT_only"
"2061";"289";"Teucrium lusitanicum";"FT_only"
"2062";"289";"Teucrium charidemi";"FT_only"
"2063";"289";"Rhamnus lycioides";"FT_only"
"2064";"289";"Periploca laevigata";"FT_only"
"2065";"289";"Lycium intricatum";"FT_only"
"2066";"289";"Phagnalon rupestre";"FT_only"
"2067";"289";"Thymus hyemalis";"FT_only"
"2068";"289";"Chamaerops humilis";"FT_only"
"2069";"289";"Stipa tenacissima";"FT_only"
"2070";"289";"Genista haenseleri";"FT_only"
"2071";"290";"Asparagus horridus";"match"
"2072";"290";"Launaea lanifera";"match"
"2073";"290";"Lavandula multifida";"match"
"2074";"290";"Launaea";"fac_only"
"2075";"290";"Stipa";"fac_only"
"2076";"290";"Thymus";"fac_only"
"2077";"290";"Teucrium sp2";"fac_only"
"2078";"290";"Asparagus sp.";"fac_only"
"2079";"290";"Phagnalon sp.";"fac_only"
"2080";"290";"Lavandula latifolia";"fac_only"
"2081";"290";"Lavandula";"fac_only"
"2082";"290";"Helianthemum sp.";"fac_only"
"2083";"290";"Periploca";"fac_only"
"2084";"290";"Phlomis lychnitis";"FT_only"
"2085";"290";"Thymus hyemalis";"FT_only"
"2086";"290";"Phagnalon rupestre";"FT_only"
"2087";"290";"Teucrium lusitanicum";"FT_only"
"2088";"290";"Helianthemum almeriense";"FT_only"
"2089";"290";"Lycium intricatum";"FT_only"
"2090";"290";"Genista haenseleri";"FT_only"
"2091";"290";"Fagonia cretica";"FT_only"
"2092";"290";"Teucrium charidemi";"FT_only"
"2093";"290";"Asparagus albus";"FT_only"
"2094";"290";"Chamaerops humilis";"FT_only"
"2095";"290";"Periploca laevigata";"FT_only"
"2096";"290";"Stipa tenacissima";"FT_only"
"2097";"290";"Sideritis hirsuta";"FT_only"
"2098";"290";"Phlomis purpurea";"FT_only"
"2099";"291";"Genista haenseleri";"match"
"2100";"291";"Ballota hirsuta";"match"
"2101";"291";"Lavandula multifida";"match"
"2102";"291";"Genista ramosissima";"match"
"2103";"291";"Stipa";"fac_only"
"2104";"291";"Asparagus sp.";"fac_only"
"2105";"291";"Teucrium sp2";"fac_only"
"2106";"291";"Helianthemum sp.";"fac_only"
"2107";"291";"Thymus";"fac_only"
"2108";"291";"Launaea";"fac_only"
"2109";"291";"Cardillo sp.";"fac_only"
"2110";"291";"Phagnalon sp.";"fac_only"
"2111";"291";"Herradura 2";"fac_only"
"2112";"291";"Fagonia";"fac_only"
"2113";"291";"Caralluma";"fac_only"
"2114";"291";"Artemisia herba-alba";"FT_only"
"2115";"291";"Asparagus albus";"FT_only"
"2116";"291";"Stipa tenacissima";"FT_only"
"2117";"291";"Teucrium lusitanicum";"FT_only"
"2118";"291";"Thymus hyemalis";"FT_only"
"2119";"291";"Teucrium charidemi";"FT_only"
"2120";"291";"Phagnalon rupestre";"FT_only"
"2121";"291";"Rhamnus lycioides";"FT_only"
"2122";"291";"Asparagus horridus";"FT_only"
"2123";"291";"Fagonia cretica";"FT_only"
"2124";"291";"Launaea lanifera";"FT_only"
"2125";"291";"Lycium intricatum";"FT_only"
"2126";"291";"Phlomis purpurea";"FT_only"
"2127";"291";"Chamaerops humilis";"FT_only"
"2128";"291";"Sideritis hirsuta";"FT_only"
"2129";"291";"Periploca laevigata";"FT_only"
"2130";"291";"Helianthemum almeriense";"FT_only"
"2131";"292";"Helianthemum almeriense";"match"
"2132";"292";"Lycium intricatum";"match"
"2133";"292";"Lavandula multifida";"match"
"2134";"292";"Genista ramosissima";"match"
"2135";"292";"Ballota hirsuta";"match"
"2136";"292";"Launaea lanifera";"match"
"2137";"292";"Genista haenseleri";"match"
"2138";"292";"Asparagus albus";"match"
"2139";"292";"Lavatera maritima";"match"
"2140";"292";"Ulex sp.";"match"
"2141";"292";"Asparagus horridus";"match"
"2142";"292";"Phlomis purpurea";"match"
"2143";"292";"Macrocloa stipa";"fac_only"
"2144";"292";"Palmito sp.";"fac_only"
"2145";"292";"Lycium sp.";"fac_only"
"2146";"292";"Cardillo sp.";"fac_only"
"2147";"292";"Thymus";"fac_only"
"2148";"292";"Sideritis hirsuta";"fac_only"
"2149";"292";"Periploca";"fac_only"
"2150";"292";"Lycium peristatum";"fac_only"
"2151";"292";"Hedysarum boveanum";"fac_only"
"2152";"292";"Teucrium sp1";"fac_only"
"2153";"292";"Cardillo leoso";"fac_only"
"2154";"292";"Teucrium sp2";"fac_only"
"2155";"292";"Stipa";"fac_only"
"2156";"292";"Phagnalon sp.";"fac_only"
"2157";"292";"Asteriscus";"fac_only"
"2158";"292";"Lycium sp2";"fac_only"
"2159";"292";"Artemisia herba-alba";"FT_only"
"2160";"292";"Chamaerops humilis";"FT_only"
"2161";"292";"Teucrium charidemi";"FT_only"
"2162";"292";"Periploca laevigata";"FT_only"
"2163";"292";"Ephedra fragilis";"FT_only"
"2164";"292";"Fagonia cretica";"FT_only"
"2165";"292";"Teucrium lusitanicum";"FT_only"
"2166";"292";"Stipa tenacissima";"FT_only"
"2167";"292";"Thymus hyemalis";"FT_only"
"2168";"292";"Dianthus charidemi";"FT_only"
"2169";"292";"Phagnalon rupestre";"FT_only"
"2170";"293";"Phlomis lychnitis";"match"
"2171";"293";"Crataegus monogyna";"match"
"2172";"293";"Thymelaea pubescens";"match"
"2173";"293";"Rosa pouzinii";"match"
"2174";"293";"Juniperus oxycedrus";"match"
"2175";"293";"Thymus mastichina";"match"
"2176";"293";"Hippocrepis bourgaei";"match"
"2177";"293";"Linum appressum";"match"
"2178";"293";"Eryngium campestre";"match"
"2179";"293";"Helianthemum apenninum";"match"
"2180";"293";"Thymus zygis";"match"
"2181";"293";"Quercus ilex";"match"
"2182";"293";"Helianthemum frigidulum";"match"
"2183";"293";"Carlina hispanica";"match"
"2184";"293";"Berberis hispanica";"match"
"2185";"293";"Echinospartum boissieri";"match"
"2186";"293";"Lavandula latifolia";"match"
"2187";"293";"Hormathophylla spinosa";"match"
"2188";"293";"Fumana ericifolia";"match"
"2189";"293";"Rhamnus myrtifolia";"match"
"2190";"293";"Daphne gnidium";"match"
"2191";"293";"Teucrium pseudochamaepitys";"fac_only"
"2192";"293";"Prunus spinosa";"fac_only"
"2193";"293";"Genista cinerea";"fac_only"
"2194";"293";"Festuca scariosa";"fac_only"
"2195";"293";"Santolina elegans";"fac_only"
"2196";"293";"Quercus faginea";"FT_only"
"2197";"293";"Lonicera arborea";"FT_only"
"2198";"293";"Phlomis herba-venti";"FT_only"
"2199";"294";"Quercus faginea";"match"
"2200";"294";"Carlina hispanica";"match"
"2201";"294";"Rosa pouzinii";"match"
"2202";"294";"Hippocrepis bourgaei";"match"
"2203";"294";"Hormathophylla spinosa";"match"
"2204";"294";"Crataegus monogyna";"match"
"2205";"294";"Thymus mastichina";"match"
"2206";"294";"Quercus ilex";"match"
"2207";"294";"Helleborus foetidus";"match"
"2208";"294";"Berberis hispanica";"match"
"2209";"294";"Hedera helix";"match"
"2210";"294";"Eryngium campestre";"match"
"2211";"294";"Juniperus oxycedrus";"match"
"2212";"294";"Lonicera arborea";"match"
"2213";"294";"Acer monspessulanum";"fac_only"
"2214";"294";"Pistacia terebinthus";"fac_only"
"2215";"294";"Rhamnus saxatilis";"fac_only"
"2216";"294";"Lavandula latifolia";"fac_only"
"2217";"294";"Genista cinerea";"fac_only"
"2218";"294";"Helianthemum frigidulum";"fac_only"
"2219";"294";"Teucrium pseudochamaepitys";"fac_only"
"2220";"294";"Amelanchier sp.";"fac_only"
"2221";"294";"Santolina elegans";"fac_only"
"2222";"294";"Ptilostemon hispanicus";"fac_only"
"2223";"294";"Helianthemum apenninum";"FT_only"
"2224";"295";"Lonicera arborea";"match"
"2225";"295";"Carlina hispanica";"match"
"2226";"295";"Helianthemum apenninum";"match"
"2227";"295";"Quercus ilex";"match"
"2228";"295";"Thymus zygis";"match"
"2229";"295";"Daphne gnidium";"match"
"2230";"295";"Fumana ericifolia";"match"
"2231";"295";"Quercus faginea";"match"
"2232";"295";"Thymus mastichina";"match"
"2233";"295";"Lavandula latifolia";"match"
"2234";"295";"Rubus ulmifolius";"match"
"2235";"295";"Juniperus oxycedrus";"match"
"2236";"295";"Linum appressum";"match"
"2237";"295";"Berberis hispanica";"match"
"2238";"295";"Helleborus foetidus";"match"
"2239";"295";"Prunus spinosa";"match"
"2240";"295";"Festuca scariosa";"match"
"2241";"295";"Eryngium campestre";"match"
"2242";"295";"Hippocrepis bourgaei";"match"
"2243";"295";"Rosa pouzinii";"match"
"2244";"295";"Crataegus monogyna";"match"
"2245";"295";"Hedera helix";"fac_only"
"2246";"295";"Acer monspessulanum";"fac_only"
"2247";"295";"Rhamnus saxatilis";"fac_only"
"2248";"295";"Digitalis purpurea";"fac_only"
"2249";"295";"Pistacia terebinthus";"fac_only"
"2250";"295";"Teucrium pseudochamaepitys";"fac_only"
"2251";"295";"Cistus albidus";"fac_only"
"2252";"295";"Santolina elegans";"fac_only"
"2253";"295";"Helianthemum frigidulum";"fac_only"
"2254";"295";"Teucrium polium";"fac_only"
"2255";"295";"Echinospartum boissieri";"fac_only"
"2256";"295";"Hormathophylla spinosa";"FT_only"
"2257";"295";"Thymelaea pubescens";"FT_only"
"2258";"296";"Helleborus foetidus";"match"
"2259";"296";"Quercus ilex";"match"
"2260";"296";"Eryngium campestre";"match"
"2261";"296";"Hedera helix";"match"
"2262";"296";"Berberis hispanica";"match"
"2263";"296";"Hippocrepis bourgaei";"match"
"2264";"296";"Lavandula latifolia";"match"
"2265";"296";"Thymus mastichina";"match"
"2266";"296";"Festuca scariosa";"match"
"2267";"296";"Rosa pouzinii";"match"
"2268";"296";"Juniperus oxycedrus";"match"
"2269";"296";"Crataegus monogyna";"match"
"2270";"296";"Carlina hispanica";"fac_only"
"2271";"296";"Teucrium pseudochamaepitys";"fac_only"
"2272";"296";"Quercus faginea";"fac_only"
"2273";"296";"Prunus spinosa";"fac_only"
"2274";"296";"Ptilostemon hispanicus";"fac_only"
"2275";"296";"Rhamnus saxatilis";"fac_only"
"2276";"296";"Pistacia terebinthus";"fac_only"
"2277";"296";"Phlomis lychnitis";"fac_only"
"2278";"296";"Santolina elegans";"fac_only"
"2279";"296";"Acer monspessulanum";"fac_only"
"2280";"297";"Thymus zygis";"match"
"2281";"297";"Artemisia herba-alba";"match"
"2282";"297";"Retama sphaerocarpa";"match"
"2283";"297";"Anthyllis cytisoides";"match"
"2284";"297";"Macrochloa tenacissima";"fac_only"
"2285";"297";"Thymus mastichina";"fac_only"
"2286";"297";"Phagnalon sp.";"fac_only"
"2287";"297";"Launaea arborescens";"fac_only"
"2288";"297";"Atriplex sp.";"fac_only"
"2289";"297";"Asparagus horridus";"FT_only"
"2290";"297";"Phagnalon rupestre";"FT_only"
"2291";"297";"Launaea lanifera";"FT_only"
"2292";"297";"Stipa tenacissima";"FT_only"
"2293";"297";"Thymus capitatus";"FT_only"
"2294";"297";"Salsola sp.";"FT_only"
"2295";"298";"Artemisia herba-alba";"match"
"2296";"298";"Retama sphaerocarpa";"match"
"2297";"298";"Anthyllis cytisoides";"match"
"2298";"298";"Macrochloa tenacissima";"fac_only"
"2299";"298";"Launaea arborescens";"fac_only"
"2300";"298";"Phagnalon sp.";"fac_only"
"2301";"298";"Asparagus horridus";"fac_only"
"2302";"298";"Thymus mastichina";"fac_only"
"2303";"298";"Launaea lanifera";"FT_only"
"2304";"298";"Stipa tenacissima";"FT_only"
"2305";"298";"Salsola sp.";"FT_only"
"2306";"299";"Artemisia herba-alba";"match"
"2307";"299";"Anthyllis cytisoides";"match"
"2308";"299";"Macrochloa tenacissima";"fac_only"
"2309";"299";"Asparagus horridus";"fac_only"
"2310";"299";"Thymus mastichina";"fac_only"
"2311";"299";"Lavandula latifolia";"fac_only"
"2312";"299";"Lavandula multifida";"FT_only"
"2313";"299";"Thymus capitatus";"FT_only"
"2314";"299";"Salsola sp.";"FT_only"
"2315";"299";"Stipa tenacissima";"FT_only"
"2316";"299";"Retama sphaerocarpa";"FT_only"
