ID,spname,position,,
1,1,Stipa tenacissima,match,
2,1,Atractylis serratuloides,match,
3,1,Allium cupani,match,
4,1,Ajuga iva,match,
5,1,Plantago albicans,match,
6,1,Echium trygorrhizum,match,
7,1,Stipa parviflora,match,
8,1,Scorzonera undulata,match,
9,1,Paronychia argentea,match,
10,1,Stipa barbata,match,
11,1,Iris sisyrinchium,fac_only,20
12,1,Argyrolobium uniflorum,FT_only,
13,1,Muscari comosum,FT_only,
14,1,Ziziphus lotus,FT_only,
15,1,Launaea resedifolia,FT_only,
16,1,Noaea mucronata,FT_only,
17,1,Salvia verbenaca,FT_only,
18,1,Cynodon dactylon,FT_only,
19,1,Iris sisyrynchium,FT_only,20
20,2,Ajuga iva,match,
21,2,Scorzonera undulata,match,
22,2,Stipa parviflora,match,
23,2,Plantago albicans,match,
24,2,Matthiola longipetala,match,
25,2,Allium cupani,match,
26,2,Paronychia argentea,match,
27,2,Stipa tenacissima,match,
28,2,Atractylis serratuloides,match,
29,2,Artemisia campestris,match,
30,2,Echium trygorrhizum,match,
31,2,Iris sisyrinchium,fac_only,21
32,2,Salvia verbenaca,fac_only,
33,2,Helanthemum aperta,fac_only,
34,2,Iris sisyrynchium,FT_only,21
35,2,Noaea mucronata,FT_only,
36,2,Argyrolobium uniflorum,FT_only,
37,2,Scorzonera laciniata,FT_only,
38,2,Echinops spinosus,FT_only,
39,2,Dactylis glomerata,FT_only,
40,2,Stipa barbata,FT_only,
41,2,Telephium imperati,FT_only,
42,2,Ziziphus lotus,FT_only,
43,3,Scorzonera undulata,match,
44,3,Plantago albicans,match,
45,3,Ajuga iva,match,
46,3,Atractylis serratuloides,match,
47,3,Stipa parviflora,match,
48,3,Telephium imperati,match,
49,3,Stipa tenacissima,match,
50,3,Allium cupani,match,
51,3,Stipa barbata,match,
52,3,Salvia verbenaca,match,
53,3,Paronychia argentea,match,
54,3,Iris sisyrinchium,fac_only,22
55,3,Noea mucronata,fac_only,23
56,3,Echium trygorrhizum,FT_only,
57,3,Argyrolobium uniflorum,FT_only,
58,3,Matthiola longipetala,FT_only,
59,3,Noaea mucronata,FT_only,23
60,3,Iris sisyrynchium,FT_only,22
61,3,Dactylis glomerata,FT_only,
62,3,Launaea resedifolia,FT_only,
63,16,Condalia microphylla,match,
64,16,Lycium chilense,match,
65,16,Pappostipa humilis,match,
66,16,Larrea cuneifolia,match,
67,16,Larrea divaricata,match,
68,16,Ephedra triandra,match,
69,16,Conyza lorentzii,match,
70,16,Nassella tenuis,match,
71,16,Schinus johnstonii,match,
72,16,Prosopidastrum globosum,match,
73,16,Bredemeyera microphylla,match,
74,16,Poa ligularis,match,
75,16,Monttea aphylla,match,
76,16,Senna aphylla,match,
77,16,Poa lanuginosa,match,
78,16,Chuquiraga rosulata,match,
79,16,Amelichloa ambigua,match,
80,16,Glandularia parodii,match,
81,16,Sphaeralcea mendocina,match,
82,16,Nassella longiglumis,match,
83,16,Baccharis ulicina,match,
84,16,Geoffroea decorticans,match,
85,16,Pappostipa speciosa,match,
86,16,Prosopis flexuosa var. depressa,fac_only,24
87,16,Aloysia gratissima ,fac_only,25
88,16,Oxalis lasiopetala,fac_only,
89,16,Senecio melanopotamicus,fac_only,
90,16,Baccharis gilliesii,fac_only,
91,16,Boopis anthemoides,fac_only,
92,16,Trichocline sinuata,fac_only,
93,16,Junellia seriphioides,fac_only,
94,16,Baccharis melanopotamica,fac_only,
95,16,Brachyclados lycioides,fac_only,
96,16,Pappophorum vaginatum,fac_only,
97,16,Spergula ramosa,fac_only,
98,16,Acantholippia seriphioides,fac_only,
99,16,Hysterionica jasionoides,fac_only,
100,16,Jarava plumosa,fac_only,
101,16,Ephedra ochreata,fac_only,
102,16,Grindelia brachystephana,FT_only,
103,16,Prosopis flexuosa,FT_only,24
104,16,Aloysia gratissima,FT_only,25
105,16,Baccharis crispa,FT_only,
106,17,Sphaeralcea mendocina,match,
107,17,Brachyclados lycioides,match,
108,17,Trichocline sinuata,match,
109,17,Ephedra ochreata,match,
110,17,Pappostipa humilis,match,
111,17,Junellia seriphioides,match,
112,17,Prosopidastrum globosum,match,
113,17,Conyza lorentzii,match,
114,17,Chuquiraga rosulata,match,
115,17,Senna aphylla,match,
116,17,Nassella longiglumis,match,
117,17,Condalia microphylla,match,
118,17,Baccharis ulicina,match,
119,17,Pappostipa speciosa,match,
120,17,Monttea aphylla,match,
121,17,Baccharis gilliesii,match,
122,17,Larrea divaricata,match,
123,17,Acantholippia seriphioides,match,
124,17,Lycium chilense,match,
125,17,Nassella tenuis,match,
126,17,Glandularia parodii,match,
127,17,Cardionema ramosissima,match,
128,17,Bredemeyera microphylla,match,
129,17,Poa lanuginosa,fac_only,
130,17,Euphorbia collina,fac_only,
131,17,Prosopis flexuosa var. depressa,fac_only,26
132,17,Baccharis melanopotamica,fac_only,
133,17,Amelichloa ambigua,fac_only,
134,17,Aristida mendocina,fac_only,
135,17,Senecio melanopotamicus,fac_only,
136,17,Hysterionica jasionoides,fac_only,
137,17,Nassella chilensis,fac_only,
138,17,Boopis anthemoides,fac_only,
139,17,Ephedra triandra,fac_only,
140,17,Gutierrezia baccharoides,fac_only,
141,17,Senecio subulatus,FT_only,
142,17,Schinus johnstonii,FT_only,
143,17,Prosopis flexuosa,FT_only,26
144,17,Prosopis flexuosa var. Depressa,FT_only,26
145,17,Prosopis alpataco,FT_only,
146,18,Acantholippia seriphioides,match,
147,18,Condalia microphylla,match,
148,18,Baccharis crispa,match,
149,18,Ephedra triandra,match,
150,18,Nassella tenuis,match,
151,18,Senna aphylla,match,
152,18,Conyza lorentzii,match,
153,18,Amelichloa ambigua,match,
154,18,Baccharis gilliesii,match,
155,18,Prosopidastrum globosum,match,
156,18,Poa lanuginosa,match,
157,18,Larrea divaricata,match,
158,18,Baccharis melanopotamica,match,
159,18,Pappostipa speciosa,match,
160,18,Lycium gilliesianum,match,
161,18,Pappostipa humilis,match,
162,18,Sphaeralcea mendocina,match,
163,18,Ephedra ochreata,match,
164,18,Chuquiraga rosulata,match,
165,18,Geoffroea decorticans,match,
166,18,Cardionema ramosissima,match,
167,18,Lycium chilense,match,
168,18,Glandularia parodii,match,
169,18,Brachyclados lycioides,match,
170,18,Baccharis ulicina,match,
171,18,Schinus johnstonii,match,
172,18,Hysterionica jasionoides,fac_only,
173,18,Nassella longiglumis,fac_only,
174,18,Nassella chilensis,fac_only,
175,18,Prosopis flexuosa var. depressa,fac_only,27
176,18,Aristida mendocina,fac_only,
177,18,Senecio melanopotamicus,fac_only,
178,18,Trichocline sinuata,fac_only,
179,18,Bredemeyera microphylla,fac_only,
180,18,Junellia seriphioides,fac_only,
181,18,Boopis anthemoides,fac_only,
182,18,Baccharis 3,fac_only,
183,18,Cereus ethiops,fac_only,
184,18,Poa ligularis,fac_only,
185,18,Hoffmannseggia trifoliata,fac_only,
186,18,Abyssinica SIL,fac_only,
187,18,musgo,fac_only,
188,18,Prosopis flexuosa var. Depressa,FT_only,27
189,18,Capparis atamisquea,FT_only,
190,18,Prosopis flexuosa,FT_only,27
191,19,Larrea divaricata,match,
192,19,Larrea cuneifolia,match,
193,19,Schinus johnstonii,match,
194,19,Mulguraea aspera,match,
195,19,Nassella tenuis,match,
196,19,Lycium chilense,match,
197,19,Pappostipa speciosa,match,
198,19,Boopis anthemoides,match,
199,19,Nassella longiglumis,match,
200,19,Tetraglochin caespitosum,match,
201,19,Gutierrezia baccharoides,match,
202,19,Poa ligularis,match,
203,19,Bougainvillea spinosa,match,
204,19,Acantholippia seriphioides,match,
205,19,Monttea aphylla,match,
206,19,Thymophylla pentachaeta ,fac_only,
207,19,Chuquiraga erinacea subsp. hystrix,fac_only,28
208,19,Junellia seriphioides,fac_only,
209,19,Poa lanuginosa,fac_only,
210,19,Ephedra ochreata,fac_only,
211,19,Lycium gilliesianum,fac_only,
212,19,Tristagma patagonicum,fac_only,
213,19,Echinopsis leucantha,fac_only,
214,19,Hoffmannseggia trifoliata,fac_only,
215,19,Margyricarpus pinnatus,fac_only,
216,19,Senecio melanopotamicus,fac_only,
217,19,Senecio subulatus,FT_only,
218,19,Chuquiraga erinacea hystrix,FT_only,28
219,19,Prosopis denudans,FT_only,
220,19,Condalia microphylla,FT_only,
221,19,Prosopis flexuosa,FT_only,
222,19,Prosopis alpataco,FT_only,
223,20,Ephedra ochreata,match,
224,20,Gutierrezia baccharoides,match,
225,20,Lycium chilense,match,
226,20,Nassella tenuis,match,
227,20,Larrea divaricata,match,
228,20,Sphaeralcea mendocina,match,
229,20,Monttea aphylla,match,
230,20,Poa ligularis,match,
231,20,Schinus johnstonii,match,
232,20,Acantholippia seriphioides,match,
233,20,Pappostipa speciosa,match,
234,20,Poa lanuginosa,match,
235,20,Senecio melanopotamicus,fac_only,
236,20,Junellia seriphioides,fac_only,
237,20,Mulguraea aspera,fac_only,
238,20,Boopis anthemoides,fac_only,
239,20,Nassella longiglumis,fac_only,
240,20,Tetraglochin caespitosum,fac_only,
241,20,Prosopis flexuosa var. depressa,fac_only,30
242,20,Chuquiraga erinacea subsp. hystrix,fac_only,29
243,20,Nassella chilensis,fac_only,
244,20,Hoffmannseggia trifoliata,fac_only,
245,20,Grindelia spp.,fac_only,
246,20,Larrea cuneifolia,FT_only,
247,20,Chuquiraga erinacea hystrix,FT_only,29
248,20,Condalia microphylla,FT_only,
249,20,Larrea nitida,FT_only,
250,20,Lycium gilliesianum,FT_only,
251,20,Prosopis flexuosa,FT_only,30
252,20,Cyclolepis genistoides,FT_only,
253,21,Poa lanuginosa,match,
254,21,Jarava neaei,match,
255,21,Ephedra ochreata,match,
256,21,Lycium chilense,match,
257,21,Monttea aphylla,match,
258,21,Tetraglochin caespitosum,match,
259,21,Nassella tenuis,match,
260,21,Senna aphylla,match,
261,21,Larrea divaricata,match,
262,21,Gutierrezia baccharoides,match,
263,21,Acantholippia seriphioides,match,
264,21,Pappostipa speciosa,match,
265,21,Chuquiraga erinacea subsp. hystrix,fac_only,31
266,21,Junellia seriphioides,fac_only,
267,21,Senecio melanopotamicus,fac_only,
268,21,Boopis anthemoides,fac_only,
269,21,Prosopis flexuosa var. depressa,fac_only,32
270,21,Grindelia chiloensis,fac_only,
271,21,Baccharis gilliesii,fac_only,
272,21,Poa ligularis,fac_only,
273,21,Mulguraea aspera,fac_only,
274,21,Thymophylla pentachaeta ,fac_only,
275,21,Cyclolepis genistoides,FT_only,
276,21,Chuquiraga erinacea hystrix,FT_only,31
277,21,Margyricarpus pinnatus,FT_only,
278,21,Condalia microphylla,FT_only,
279,21,Schinus johnstonii,FT_only,
280,21,Prosopis flexuosa,FT_only,32
281,40,Maireana pyramidata,match,
282,40,Lotus cruentus,match,
283,40,Sclerolaena ventricosa,match,
284,40,Maireana turbinata,match,
285,40,Minuria cunninghamii,match,
286,40,Sclerolaena brachyptera,match,
287,40,Atriplex vesicaria,match,
288,40,Sclerolaena divaricata,match,
289,40,Sida fibulifera,match,
290,40,Sclerolaena lanicuspis,match,
291,40,Sida corrugata,match,
292,40,Minuria leptophylla,fac_only,
293,40,Eragrostis dielsii,fac_only,
294,40,Sclerolaena eriacantha,FT_only,
295,40,Sclerolaena decurrens,FT_only,
296,40,Malacocera tricornis,FT_only,
297,40,Anemocarpa podolepidium,FT_only,
298,40,Sclerolaena bicornis,FT_only,
299,40,Solanum sp.,FT_only,
300,40,Sporobolus actinocladus,FT_only,
301,41,Enneapogon avenaceus,match,
302,41,Sclerolaena obliquicuspis,match,
303,41,Maireana pyramidata,match,
304,41,Sclerolaena patenticuspis,match,
305,41,Stipa scabra,fac_only,33
306,41,Solanum quadriloculatum,fac_only,
307,41,Austrostipa scabra,FT_only,33
308,41,Enteropogon acicularis,FT_only,
309,41,Eragrostis setifolia,FT_only,
310,41,Austrodanthonia caespitosa,FT_only,
311,41,Lotus cruentus,FT_only,
312,42,Sclerolaena brachyptera,match,
313,42,Austrodanthonia caespitosa,match,
314,42,Sclerolaena eriacantha,match,
315,42,Sclerolaena lanicuspis,match,
316,42,Atriplex vesicaria,match,
317,42,Lotus cruentus,match,
318,42,Eragrostis setifolia,match,
319,42,Sclerolaena ventricosa,match,
320,42,Sclerolaena divaricata,match,
321,42,Sida ,fac_only,
322,42,Sclerolaena diacantha,fac_only,
323,42,Maireana ,fac_only,
324,42,Stipa scabra,fac_only,34
325,42,Digitaria coenicola,FT_only,
326,42,Minuria cunninghamii,FT_only,
327,42,Eragrostis dielsii,FT_only,
328,42,Sida fibulifera,FT_only,
329,42,Dissocarpus paradoxus,FT_only,
330,42,Austrostipa scabra,FT_only,34
331,42,Sclerolaena cuneata,FT_only,
332,43,Maireana turbinata,match,
333,43,Sclerolaena ventricosa,match,
334,43,Enteropogon acicularis,match,
335,43,Sclerolaena brachyptera,match,
336,43,Minuria cunninghamii,match,
337,43,Atriplex vesicaria,match,
338,43,Sida ,fac_only,
339,43,Tripogon loliiformis,fac_only,
340,43,Eragrostis setifolia,fac_only,
341,43,Sclerolaena diacantha,fac_only,
342,43,Sclerolaena divaricata,FT_only,
343,43,Sclerolaena eriacantha,FT_only,
344,43,Sporobolus actinocladus,FT_only,
345,43,Sclerolaena lanicuspis,FT_only,
346,43,Sclerolaena longicuspis,FT_only,
347,43,Ixiolaena leptolepis,FT_only,
348,43,Lotus cruentus,FT_only,
349,43,Austrodanthonia caespitosa,FT_only,
350,43,Sida fibulifera,FT_only,
351,43,Sida trichopoda,FT_only,
352,44,Maireana aphylla,match,
353,44,Sclerolaena diacantha,match,
354,44,Sclerolaena brachyptera,match,
355,44,Einadia nutans,match,
356,44,Atriplex vesicaria,match,
357,44,Nitraria billardieri,fac_only,1
358,44,Sclerolaena muricata var. muricata,fac_only,
359,44,Paspalidium constrictum,fac_only,
360,44,Atriplex semibaccata,FT_only,
361,44,Rhagodia spinescens,FT_only,
362,44,Sclerolaena tricuspis,FT_only,
363,44,Nitraria billardierei,FT_only,1
364,45,Sida trichopoda,match,
365,45,Austrostipa scabra,match,
366,45,Sclerolaena brachyptera,match,
367,45,Austrodanthonia caespitosa,match,
368,45,Maireana trichoptera,match,
369,45,Chloris truncata,match,
370,45,Maireana aphylla,match,
371,45,Einadia nutans,match,
372,45,Atriplex semibaccata,match,
373,45,Sclerolaena diacantha,match,
374,45,Sclerolaena tricuspis,match,
375,45,Sporobolus caroli,fac_only,2
376,45,Sida intricata,fac_only,
377,45,Craspedia sp,fac_only,3
378,45,Craspedia sp.,FT_only,3
379,45,Sclerolaena divaricata,FT_only,
380,45,Sporobolus carolii,FT_only,2
381,45,Atriplex vesicaria,FT_only,
382,45,Abutilon halophilum,FT_only,
383,45,Minuria cunninghamii,FT_only,
384,45,Malacocera tricornis,FT_only,
385,45,Nitraria billardierei,FT_only,
386,46,Atriplex vesicaria,match,
387,46,Maireana aphylla,match,
388,46,Einadia nutans,match,
389,46,Paspalidium constrictum,match,
390,46,Sclerolaena diacantha,match,
391,46,Austrodanthonia caespitosa,match,
392,46,Sclerolaena brachyptera,match,
393,46,Austrostipa scabra,fac_only,
394,46,Oxalis sp.,fac_only,
395,46,Enneapogon avenaceus,fac_only,
396,46,Chloris truncata,fac_only,
397,46,Sida intricata,FT_only,
398,46,Enteropogon acicularis,FT_only,
399,46,Malacocera tricornis,FT_only,
400,46,Atriplex semibaccata,FT_only,
401,46,Sclerolaena tricuspis,FT_only,
402,47,Austrodanthonia caespitosa,match,
403,47,Atriplex vesicaria,match,
404,47,Austrostipa scabra,match,
405,47,Sporobolus caroli,fac_only,4
406,47,Vittadinia cuneata complex,fac_only,
407,47,Sporobolus carolii,FT_only,4
408,47,Sclerolaena brachyptera,FT_only,
409,48,Atriplex vesicaria,match,
410,48,Enteropogon acicularis,match,
411,48,Enchylaena tomentosa,match,
412,48,Cyperus sp.,fac_only,
413,48,Sclerolaena brachyptera,FT_only,
414,48,Paspalidium constrictum,FT_only,
415,48,Sclerolaena tricuspis,FT_only,
416,48,Teucrium racemosum,FT_only,
417,48,Maireana coronata,FT_only,
418,48,Sclerolaena muricata,FT_only,
419,48,Atriplex semibaccata,FT_only,
420,48,Rhagodia spinescens,FT_only,
421,48,Sclerolaena diacantha,FT_only,
422,48,Crinum flaccidum,FT_only,
423,49,Atriplex vesicaria,match,
424,49,Paspalidium constrictum,match,
425,49,Sporobolus sp.,match,
426,49,Enteropogon acicularis,match,
427,49,Portulaca oleracea,match,
428,49,Calandrinia eremaea,fac_only,
429,49,Austrostipa scabra,FT_only,
430,49,Rumex sp.,FT_only,
431,49,Crinum flaccidum,FT_only,
432,49,Austrostipa eremophila,FT_only,
433,49,Sida sp.,FT_only,
434,49,Chloris ventricosa,FT_only,
435,49,Sporobolus carolii,FT_only,
436,50,Opuntia aurantiaca,match,
437,50,Atriplex vesicaria,match,
438,50,Cheilanthes sieberi,match,
439,50,Enteropogon acicularis,match,
440,50,Fimbristylis dichotoma,match,
441,50,Portulaca oleracea,fac_only,
442,50,Sclerolaena tricuspis,FT_only,
443,50,Sclerolaena muricata,FT_only,
444,83,Taraxacum officinale,match,
445,83,Calceolaria biflora,match,
446,83,Cerastium arvense,match,
447,83,Festuca pyrogea,match,
448,83,Festuca pallescens,match,
449,83,Acaena pinnatifida,match,
450,83,Nassauvia darwinii,match,
451,83,Acaena integerrima,match,
452,83,Viola maculata,match,
453,83,acaena integerrima,fac_only,
454,83,Lathyrus magellanicus,fac_only,
455,83,Hordeum murinum,fac_only,
456,83,Senecio sericeo-nitens,fac_only,
457,83,Galium fuegianum,fac_only,
458,83,Luzula alopecurus,fac_only,
459,83,Acaena spp. ,fac_only,
460,83,Rumex acetosella,FT_only,
461,83,Mulinum spinosum,FT_only,
462,83,Carex gayana,FT_only,
463,84,Viola maculata,match,
464,84,Cerastium arvense,match,
465,84,Festuca pyrogea,match,
466,84,Mulinum spinosum,match,
467,84,Festuca pallescens,match,
468,84,Taraxacum officinale,match,
469,84,Senecio sericeo-nitens,match,
470,84,Calceolaria biflora,match,
471,84,Nassauvia darwinii,match,
472,84,Acaena pinnatifida,match,
473,84,Acaena integerrima,match,
474,84,Galium fuegianum,fac_only,
475,84,Hypochaeris incana,fac_only,
476,84,Elymus repens,fac_only,
477,84,Holcus lanatus,fac_only,
478,84,Leucheria candidissima,fac_only,
479,84,Hordeum murinum,fac_only,
480,84,Loasa bergii,FT_only,
481,84,Rumex acetosella,FT_only,
482,84,Luzula alopecurus,FT_only,
483,85,Acaena integerrima,match,
484,85,Senecio sericeo-nitens,match,
485,85,Carex gayana,match,
486,85,Festuca pallescens,match,
487,85,Lathyrus magellanicus,match,
488,85,Taraxacum officinale,match,
489,85,Leucheria candidissima,match,
490,85,Mulinum spinosum,match,
491,85,Acaena pinnatifida,match,
492,85,Nassauvia darwinii,match,
493,85,Calceolaria biflora,match,
494,85,Cerastium arvense,match,
495,85,Viola maculata,match,
496,85,Festuca pyrogea,match,
497,85,Hypochaeris incana,match,
498,85,Quinchamalium chilense,match,
499,85,Holcus lanatus,match,
500,85,Elymus repens,fac_only,
501,85,Rumex acetosella,FT_only,
502,85,Luzula alopecurus,FT_only,
503,93,Juniperus formosana,match,
504,93,Agrostis tenuis,fac_only,
505,93,Tribulus terrester,fac_only,
506,93,Setaria viridis,fac_only,
507,93,Bassia dasyphylla,fac_only,
508,93,Kummerowia stipulacea,fac_only,
509,93,Artemisia desertorum,FT_only,
510,93,Artemisia japonica,FT_only,
511,93,Salsola ruthenica,FT_only,
512,93,Stipa bungeana,FT_only,
513,93,Eleusine indica,FT_only,
514,93,Artemisia scoparia,FT_only,
515,94,Artemisia desertorum,match,
516,94,Setaria viridis,fac_only,
517,94,Oxytropis psamocharis,fac_only,
518,94,Salsola ruthenica,fac_only,
519,94,Herba Artimisiae,fac_only,
520,94,Medicago Sativa,fac_only,
521,94,Bassia dasyphylla,fac_only,
522,94,Agrostis tenuis,fac_only,
523,94,Kummerowia stipulacea,fac_only,
524,94,Agriophyllum squarrosum,fac_only,
525,94,Sonchus oleraceus,fac_only,
526,94,Heteropappus altaicus,fac_only,
527,94,Poa annua,fac_only,
528,94,Artemisia scoparia,fac_only,
529,94,Corispermum chinganicum,fac_only,
530,94,Tribulus terrester,fac_only,5
531,94,Cirsium japonicum,fac_only,
532,94,Euphorbia thymifolia,fac_only,
533,94,Caragana korshinskii,FT_only,
534,94,Ixeridium chinense,FT_only,
535,94,Eleusine indica,FT_only,
536,94,Tribulus terrestris,FT_only,5
537,94,Stipa bungeana,FT_only,
538,94,Allium mongolicum,FT_only,
539,95,Artemisia desertorum,match,
540,95,Juniperus formosana,match,
541,95,Salsola ruthenica,match,
542,95,Bassia dasyphylla,fac_only,
543,95,Setaria viridis,fac_only,
544,95,Kummerowia stipulacea,fac_only,
545,95,Allium mongolicum,fac_only,
546,95,Oxytropis psamocharis,fac_only,6
547,95,Agrostis tenuis,fac_only,
548,95,Poa annua,fac_only,
549,95,Agriophyllum squarrosum,fac_only,
550,95,Corispermum chinganicum,fac_only,
551,95,Herba Artimisiae,fac_only,
552,95,Heteropappus altaicus,fac_only,
553,95,Suaeda salsa,fac_only,
554,95,Artemisia scoparia,fac_only,
555,95,Isatis tinctoria,fac_only,
556,95,Tribulus terrester,fac_only,
557,95,Heteropappus hispidus,FT_only,
558,95,Caragana korshinskii,FT_only,
559,95,Eleusine indica,FT_only,
560,95,Oxytropis psammocharis,FT_only,6
561,95,Artemisia stelleriana,FT_only,
562,95,Stipa bungeana,FT_only,
563,95,Cirsium japonicum,FT_only,
564,96,Artemisia scoparia,match,
565,96,Artemisia desertorum,match,
566,96,Cynanchum hancockianum,match,
567,96,Juniperus formosana,match,
568,96,Kummerowia stipulacea,fac_only,
569,96,Poa annua,fac_only,
570,96,Agrostis tenuis,fac_only,
571,96,Oxytropis psamocharis,fac_only,
572,96,Setaria viridis,fac_only,
573,96,Heteropappus altaicus,fac_only,
574,96,Poa sphondylodes,fac_only,
575,96,Isatis tinctoria,fac_only,
576,96,Stemmacanthauniflora (L.,fac_only,
577,96,Sonchus oleraceus,fac_only,
578,96,Herba Artimisiae,fac_only,
579,96,Ixeridium chinense,fac_only,
580,96,Artemisia argyi,fac_only,
581,96,Thalictrum petaloideum,fac_only,
582,96,Allium mongolicum,fac_only,
583,96,Peganum harmala,FT_only,
584,96,Artemisia stelleriana,FT_only,
585,96,Heteropappus hispidus,FT_only,
586,96,Salsola ruthenica,FT_only,
587,96,Echinops talassicus,FT_only,
588,96,Leymus secalinus,FT_only,
589,96,Imperata cylindrica,FT_only,
590,96,Stipa bungeana,FT_only,
591,96,Caragana korshinskii,FT_only,
592,96,Melilotus officinalis,FT_only,
593,97,Cynanchum hancockianum,match,
594,97,Salsola ruthenica,match,
595,97,Artemisia scoparia,match,
596,97,Cirsium japonicum,match,
597,97,Achnatherum splendens,match,
598,97,Artemisia argyi,fac_only,
599,97,Medicago Sativa,fac_only,
600,97,Poa annua,fac_only,
601,97,Euphorbia Esula,fac_only,7
602,97,Phragmites australias,fac_only,
603,97,Chenopodium album,fac_only,
604,97,Bassia dasyphylla,fac_only,
605,97,Corispermum chinganicum,fac_only,
606,97,Allium mongolicum,fac_only,
607,97,Poa sphondylodes,fac_only,
608,97,Oxytropis psamocharis,fac_only,8
609,97,Convolvulus arvensis,fac_only,
610,97,Ixeridium chinense,fac_only,
611,97,Sonchus oleraceus,fac_only,
612,97,Agriophyllum squarrosum,fac_only,
613,97,Euphorbia thymifolia,fac_only,
614,97,Heteropappus altaicus,fac_only,
615,97,Artemisia desertorum,fac_only,
616,97,Setaria viridis,fac_only,
617,97,Agrostis tenuis,fac_only,
618,97,Oxytropis psammocharis,FT_only,8
619,97,Imperata cylindrica,FT_only,
620,97,Caragana korshinskii,FT_only,
621,97,Euphorbia esula,FT_only,7
622,97,Arundo donax,FT_only,
623,97,Heteropappus hispidus,FT_only,
624,97,Artemisia japonica,FT_only,
625,98,Salsola ruthenica,match,
626,98,Artemisia scoparia,match,
627,98,Cirsium japonicum,match,
628,98,Achnatherum splendens,match,
629,98,Cynanchum hancockianum,match,
630,98,Caragana Korshinskii,fac_only,
631,98,Poa sphondylodes,fac_only,
632,98,Phragmites australias,fac_only,
633,98,Lithospermum arvense,fac_only,
634,98,Ixeridium chinense,fac_only,
635,98,Setaria viridis,fac_only,
636,98,Bassia dasyphylla,fac_only,
637,98,Sonchus oleraceus,fac_only,
638,98,Poa annua,fac_only,
639,98,Heteropappus altaicus,fac_only,
640,98,Medicago Sativa,fac_only,
641,98,Isatis tinctoria,fac_only,
642,98,Artemisia argyi,fac_only,
643,98,Corispermum chinganicum,fac_only,
644,98,Allium mongolicum,fac_only,
645,98,Euphorbia thymifolia,fac_only,
646,98,Convolvulus arvensis,fac_only,
647,98,Oxytropis psamocharis,fac_only,
648,98,Euphorbia Esula,fac_only,9
649,98,Erodium stephanianum,fac_only,
650,98,Taraxacum mongolicum,fac_only,
651,98,Carpesium abrotanoides,fac_only,
652,98,Agriophyllum squarrosum,fac_only,
653,98,Agrostis tenuis,fac_only,
654,98,Chenopodium album,fac_only,
655,98,Limonium bicolor,fac_only,
656,98,Euphorbia esula,FT_only,9
657,98,Artemisia japonica,FT_only,
658,98,Heteropappus hispidus,FT_only,
659,98,Zoysia japonica,FT_only,
660,98,Imperata cylindrica,FT_only,
661,98,Arundo donax,FT_only,
662,98,Pennisetum alopecuroides,FT_only,
663,99,Achnatherum splendens,match,
664,99,Stemmacanthauniflora (L.,fac_only,
665,99,Halogeton glomeratus,fac_only,
666,99,Poa annua,fac_only,
667,99,Phragmites australias,fac_only,
668,99,Setaria viridis,fac_only,
669,99,L. apetalum,fac_only,
670,99,Artemisia annua,fac_only,
671,99,Ixeridium chinense,fac_only,
672,99,Sonchus oleraceus,fac_only,
673,99,hongzhijuanbai ,fac_only,
674,99,Artemisia desertorum,fac_only,
675,99,Arundo donax,FT_only,
676,99,Imperata cylindrica,FT_only,
677,99,Artemisia japonica,FT_only,
678,99,Salicornia europaea,FT_only,
679,100,Cynanchum hancockianum,match,
680,100,Salix cheilophila,fac_only,
681,100,Artemisia desertorum,fac_only,
682,100,Caragana Korshinskii,fac_only,10
683,100,Ixeridium chinense,fac_only,
684,100,Bassia dasyphylla,fac_only,
685,100,Setaria viridis,fac_only,
686,100,Euphorbia thymifolia,fac_only,
687,100,Chenopodium album,fac_only,
688,100,Psammochloa villosa,fac_only,
689,100,ding ,fac_only,
690,100,Salix psammophila,FT_only,
691,100,Caragana korshinskii,FT_only,10
692,100,Artemisia ordosica,FT_only,
693,102,Cynanchum hancockianum,match,
694,102,Ixeridium chinense,match,
695,102,Artemisia desertorum,fac_only,
696,102,Salix cheilophila,fac_only,
697,102,Setaria viridis,fac_only,
698,102,Psammochloa villosa,fac_only,
699,102,Euphorbia thymifolia,fac_only,
700,102,Heteropappus altaicus,fac_only,
701,102,Bassia dasyphylla,fac_only,
702,102,Lithospermum arvense,fac_only,
703,102,ding ,fac_only,
704,102,Astragalus melilotoides,fac_only,
705,102,Isatis tinctoria,fac_only,
706,102,Imperata cylindrica,FT_only,
707,102,Caragana korshinskii,FT_only,
708,102,Heteropappus hispidus,FT_only,
709,102,Artemisia ordosica,FT_only,
710,102,Salix psammophila,FT_only,
711,103,Ixeridium chinense,match,
712,103,Artemisia desertorum,fac_only,
713,103,Caragana Korshinskii,fac_only,11
714,103,Heteropappus altaicus,fac_only,
715,103,Setaria viridis,fac_only,
716,103,Psammochloa villosa,fac_only,
717,103,Astragalus melilotoides,fac_only,
718,103,Bassia dasyphylla,fac_only,
719,103,Euphorbia Esula,fac_only,
720,103,Poa sphondylodes,fac_only,
721,103,Hedysarum scoparium,FT_only,
722,103,Caragana korshinskii,FT_only,11
723,103,Heteropappus hispidus,FT_only,
724,103,Imperata cylindrica,FT_only,
725,103,Achnatherum capillata,FT_only,
726,103,Artemisia ordosica,FT_only,
727,103,Melilotus officinalis,FT_only,
728,114,Seriphidium borotalense,match,
729,114,Kochia prostrata,match,
730,114,Atraphaxis spinosa,match,
731,114,Ceretoides latens,fac_only,12
732,114,Seipa glareosa,fac_only,13
733,114,Stipa glareosa,FT_only,13
734,114,Ceratoides latens,FT_only,12
735,114,Anabasis aphylla,FT_only,
736,115,Haloxylon ammodendron,match,
737,115,Ferula sinkiangensis,match,
738,115,Petrosimonia sibirica,match,
739,115,Seriphidium borotalense,match,
740,115,Ceretoides latens,fac_only,16
741,115,Haloxylon ammodendron ,fac_only,
742,115,Ceratocarpus arenarius,fac_only,
743,115,Seipa glareosa,fac_only,14
744,115,Anabasisi aphylla,fac_only,15
745,115,Stipa glareosa,FT_only,14
746,115,Anabasis aphylla,FT_only,15
747,115,Ceratoides latens,FT_only,16
748,134,Artemisia sieberi,match,
749,134,Lappula barbata,match,
750,134,Stipa lessingiana,match,
751,134,Salsola arbusculiformis,match,
752,134,Acanthophyllum sp,fac_only,17
753,134,Ferula sp.,FT_only,
754,134,Acanthophyllum sp.,FT_only,17
755,134,Nonea caspica,FT_only,
756,134,Cousinia sp.,FT_only,
757,134,Astragalus sp.,FT_only,
758,134,Zygophyllum atriplicoides,FT_only,
759,134,Centaurea sp.,FT_only,
760,134,Acantholimon sp.,FT_only,
761,134,Cerasus pseudoprostrata,FT_only,
762,134,Cousinia arctotidifolia,FT_only,
763,134,Teucrium chamaedrys,FT_only,
764,135,Artemisia sieberi,match,
765,135,Salsola arbusculiformis,match,
766,135,Stipa lessingiana,match,
767,135,Lappula barbata,match,
768,135,Cousinia arctotidifolia,match,
769,135,Nonea caspica,match,
770,135,Astragalus sp.,FT_only,
771,135,Krascheninnikovia ceratoides,FT_only,
772,135,Acantholimon sp.,FT_only,
773,135,Centaurea sp.,FT_only,
774,135,Cousinia sp.,FT_only,
775,135,Zygophyllum atriplicoides,FT_only,
776,136,Lappula barbata,match,
777,136,Stipa lessingiana,match,
778,136,Salsola arbusculiformis,match,
779,136,Artemisia sieberi,match,
780,136,Cousinia arctotidifolia,fac_only,
781,136,Acantholimon sp,fac_only,17
782,136,Centaurea sp,fac_only,18
783,136,Nonea caspica,fac_only,
784,136,Astragalus sp.,fac_only,
785,136,5,fac_only,
786,136,Teucrium polium,FT_only,
787,136,Cousinia sp.,FT_only,
788,136,Acanthophyllum sp.,FT_only,
789,136,Centaurea sp.,FT_only,18
790,136,Acantholimon sp.,FT_only,17
791,137,Agropyron trichophorum,match,
792,137,Verbascum speciosum,match,
793,137,Convolvulus commutatus,match,
794,137,Medicago sativa,match,
795,137,Stachys turcomanica,match,
796,137,Achillea biebersteinii,match,
797,137,Artemisia sieberi,match,
798,137,Cousinia arctotidifolia,match,
799,137,Rhamnus pallasii,match,
800,137,Festuca valesiaca,match,
801,137,Galium tenuissimum,match,
802,137,Stipa lessingiana,match,
803,137,Eryngium caucasicum,match,
804,137,Scabiosa rotata,match,
805,137,Centaurea kotschyi,match,
806,137,Teucrium polium,match,
807,137,Phlomis herba-venti,match,
808,137,Asperula arvensis,match,
809,137,Paliurus spina,fac_only,35
810,137,Astragalus sp.,fac_only,
811,137,Melica ciliata,fac_only,
812,137,Dactylis glomerata,fac_only,
813,137,Alhagi camelorum,fac_only,
814,137,Teucrium chamaedrys,fac_only,
815,137,onobrychis sintenisii,fac_only,
816,137,Centaurea sp,fac_only,19
817,137,Echinops ritrodes,fac_only,
818,137,Salvia virgata,fac_only,
819,137,Dianthus orientalis,fac_only,
820,137,Crataegus azarolus,fac_only,
821,137,Crupina vulgaris,fac_only,
822,137,Cousinia decipiens,fac_only,
823,137,Potentilla recta,FT_only,
824,137,Haplophyllum acutifolium,FT_only,
825,137,Glycyrrhiza glabra,FT_only,
826,137,Paliurus spina-christi,FT_only,35
827,137,Centaurea sp.,FT_only,19
828,138,Achillea biebersteinii,match,
829,138,Asperula arvensis,match,
830,138,Convolvulus commutatus,match,
831,138,Rhamnus pallasii,match,
832,138,Stipa lessingiana,match,
833,138,Cousinia decipiens,match,
834,138,Scabiosa rotata,match,
835,138,Glycyrrhiza glabra,match,
836,138,Centaurea kotschyi,match,
837,138,Bromus tomentellus,match,
838,138,Eryngium caucasicum,match,
839,138,Astragalus sp.,match,
840,138,Festuca valesiaca,match,
841,138,Galium tenuissimum,match,
842,138,Dactylis glomerata,match,
843,138,Phlomis herba-venti,match,
844,138,Crupina vulgaris,match,
845,138,Hypericum elongatum,match,
846,138,Echinops ritrodes,match,
847,138,Medicago sativa,match,
848,138,Verbascum speciosum,match,
849,138,Paliurus spina,fac_only,36
850,138,Stipa barbata,fac_only,
851,138,Agropyron cristatum,fac_only,
852,138,Crataegus azarolus,fac_only,
853,138,Inula oculus-christi,fac_only,
854,138,Potentilla recta,fac_only,
855,138,Cerasus pseudoprostrata,fac_only,
856,138,Phlomis cancellata,fac_only,
857,138,Rosa persica,fac_only,
858,138,Melica ciliata,fac_only,
859,138,Centaurea sp,fac_only,
860,138,Teucrium chamaedrys,fac_only,
861,138,Centaurea virgata,fac_only,
862,138,Kochia prostrata,FT_only,
863,138,Zygophyllum sintenisii,FT_only,
864,138,Ferula sp.,FT_only,
865,138,Kochia sp.,FT_only,
866,138,Krascheninnikovia ceratoides,FT_only,
867,138,Salvia virgata,FT_only,
868,138,Paliurus spina-christi,FT_only,36
869,138,Poa bulbosa,FT_only,
870,138,Onobrychis sintenisii,FT_only,
871,138,Cousinia arctotidifolia,FT_only,
872,138,Agropyron trichophorum,FT_only,
873,138,Aegilops sp.,FT_only,
874,139,Echinops ritrodes,match,
875,139,Achillea biebersteinii,match,
876,139,Phlomis cancellata,match,
877,139,Inula oculus-christi,match,
878,139,Hypericum elongatum,match,
879,139,Agropyron trichophorum,match,
880,139,Galium tenuissimum,match,
881,139,Stipa lessingiana,match,
882,139,Convolvulus commutatus,match,
883,139,Asperula arvensis,match,
884,139,Medicago sativa,match,
885,139,Asparagus verticillatus,match,
886,139,Centaurea kotschyi,match,
887,139,Astragalus sp.,match,
888,139,Phlomis herba-venti,match,
889,139,Potentilla recta,match,
890,139,Salvia virgata,match,
891,139,Rhamnus pallasii,match,
892,139,Festuca valesiaca,match,
893,139,Dianthus orientalis,match,
894,139,Cerasus pseudoprostrata,match,
895,139,Eryngium caucasicum,match,
896,139,Scabiosa rotata,match,
897,139,Teucrium polium,match,
898,139,Dactylis glomerata,match,
899,139,Stachys turcomanica,match,
900,139,Paliurus spina-christi,match,
901,139,Crupina vulgaris,match,
902,139,Crataegus azarolus,match,
903,139,Teucrium chamaedrys,match,
904,139,Cousinia decipiens,match,
905,139,Haplophyllum acutifolium,match,
906,139,Verbascum speciosum,match,
907,139,Melica ciliata,match,
908,139,Paliurus spina,fac_only,
909,139,onobrychis sintenisii,fac_only,37
910,139,Kochia prostrata,fac_only,
911,139,Centaurea sp,fac_only,
912,139,Lappula barbata,fac_only,
913,139,Poa bulbosa,FT_only,
914,139,Kochia sp.,FT_only,
915,139,Digitaria sp.,FT_only,
916,139,Centaurea sp.,FT_only,
917,139,Onobrychis sintenisii,FT_only,37
918,139,Cousinia arctotidifolia,FT_only,
919,139,Berberis integerrima,FT_only,
920,140,Eremurus stenophyllus,match,
921,140,Stipa arabica,match,
922,140,Cerasus microcarpa,match,
923,140,Elymus repens,match,
924,140,Colchicum kotschyi,match,
925,140,Acantholimon erinaceum,match,
926,140,Artemisia kopetdaghensis,match,
927,140,Acantholimon raddeanum,match,
928,140,Verbascum cheiranthifolium,match,
929,140,Poa bulbosa,match,
930,140,Astragalus chrysostachys,match,
931,140,Iris songarica,fac_only,
932,140,Stachys turcomanica,fac_only,
933,140,Tulipa sp.,fac_only,
934,140,Euphorbia Boissieriana ,fac_only,38
935,140,Astragalus chryostachys,fac_only,
936,140,Galium humifusum,fac_only,
937,140,Peteropyrum aucheri,fac_only,
938,140,Acantholimon prostegium,fac_only,
939,140,Artemisia aucheri,fac_only,
940,140,Hordeum bulbosum,fac_only,
941,140,Phlomis cancellata,fac_only,
942,140,Allium xiphopetalum,fac_only,
943,140,Melica persica,fac_only,
944,140,Bunium cylindricum,FT_only,
945,140,Galium spurium,FT_only,
946,140,Polygonum sewerzowii,FT_only,
947,140,Cousinia sp.,FT_only,
948,140,Aethionema trivensis,FT_only,
949,140,Euphorbia boissieri,FT_only,38
950,140,Lactuca orientalis,FT_only,
951,140,Phlomoides labiosa,FT_only,
952,140,Leontodon asperrimus,FT_only,
953,140,Agropyron intermedium,FT_only,
954,140,Centaurea virgata,FT_only,
955,140,Ixiolirion tataricum,FT_only,
956,140,Ferula ovina,FT_only,
957,140,Phlomis herba-venti,FT_only,
958,140,Rosa persica,FT_only,
959,140,Lamium amplexicanule,FT_only,
960,140,Amygdalus spinosissima,FT_only,
961,141,Poa bulbosa,match,
962,141,Cirsium bornmuelleri,match,
963,141,Elymus repens,match,
964,141,Cerasus microcarpa,match,
965,141,Rosa persica,match,
966,141,Onobrychis verae,match,
967,141,Verbascum cheiranthifolium,match,
968,141,Acantholimon erinaceum,match,
969,141,Perovskia abrotanoides,match,
970,141,Eremurus stenophyllus,match,
971,141,Lactuca orientalis,match,
972,141,Acantholimon raddeanum,match,
973,141,Eryngium bungei,match,
974,141,Artemisia kopetdaghensis,match,
975,141,Convolvulus lineatus,match,
976,141,Astragalus jolderensis,fac_only,
977,141,Veronica capillipes,fac_only,
978,141,Artemisia aucheri,fac_only,
979,141,Acantholimon erinaceoum,fac_only,
980,141,Acanthophyllum korshinskyi,fac_only,
981,141,Galium humifusum,fac_only,
982,141,Onobrychis cornuta,fac_only,
983,141,Thesium kotschanum,fac_only,
984,141,Phlomis cancellata,fac_only,
985,141,Poa persica,fac_only,
986,141,Bunium cylindricum,fac_only,
987,141,Serratula latifolia,fac_only,
988,141,Melica persica,fac_only,
989,141,Marabium vulgare,fac_only,39
990,141,Elymus  elongatum,fac_only,
991,141,Tragopogon vedenskyi,fac_only,
992,141,Bothriochloa ischaemum,fac_only,
993,141,Agropyron intermedium,FT_only,
994,141,Marrubium vulgare,FT_only,39
995,141,Stipa arabica,FT_only,
996,141,Hymenocrater elegans,FT_only,
997,141,Cousinia sp.,FT_only,
998,141,Astragalus chrysostachys,FT_only,
999,141,Lamium amplexicanule,FT_only,
1000,141,Phlomis herba-venti,FT_only,
1001,141,Colchicum kotschyi,FT_only,
1002,141,Centaurea virgata,FT_only,
1003,141,Phlomoides labiosa,FT_only,
1004,141,Amygdalus spinosissima,FT_only,
1005,141,Bromus kopetdagensis,FT_only,
1006,141,Acanthophyllum glandulosum,FT_only,
1007,142,Acanthophyllum glandulosum,match,
1008,142,Bunium cylindricum,match,
1009,142,Acantholimon raddeanum,match,
1010,142,Elymus repens,match,
1011,142,Verbascum cheiranthifolium,match,
1012,142,Erysimum ischnostylum,match,
1013,142,Bupleurum falcatum,match,
1014,142,Taraxacum montanum,match,
1015,142,Artemisia kopetdaghensis,match,
1016,142,Lactuca orientalis,match,
1017,142,Astragalus chrysostachys,match,
1018,142,Rosa persica,match,
1019,142,Iris songarica,match,
1020,142,Poa bulbosa,match,
1021,142,Eremurus stenophyllus,match,
1022,142,Cirsium bornmuelleri,match,
1023,142,Crucianella gilanica,match,
1024,142,Centaurea virgata,match,
1025,142,Eryngium bungei,match,
1026,142,Artemisia aucheri,fac_only,
1027,142,Euphorbia Boissieriana ,fac_only,40
1028,142,Polygonatum sewerzowii ,fac_only,41
1029,142,Lappula barbata,fac_only,
1030,142,Heteranthelium piliferum,fac_only,
1031,142,Alyssum szowitsianum,fac_only,
1032,142,Festuca valesiaca,fac_only,
1033,142,Stipa arabica,fac_only,
1034,142,Tragopogon vedenskyi,fac_only,42
1035,142,Allium xiphopetalum,fac_only,
1036,142,Vicia subvillosa,fac_only,
1037,142,Stipa turkestanica,fac_only,
1038,142,Rochelia disperma,fac_only,
1039,142,Phlomis cancellata,fac_only,
1040,142,Agropyron sp.,fac_only,
1041,142,Ziziphora clinopodioides,fac_only,
1042,142,Eremopyrum bonaepartis,fac_only,
1043,142,Eremopyrum,fac_only,
1044,142,Thesium kotschanum,fac_only,43
1045,142,Ziziphora persica,fac_only,
1046,142,Acanthophyllum sp.,fac_only,
1047,142,Acantholimon erinaceoum,fac_only,44
1048,142,Juniperus polycarpos,FT_only,
1049,142,Bromus kopetdagensis,FT_only,
1050,142,Johrenia platycarpa,FT_only,
1051,142,Tragopogon vvedenskyi,FT_only,42
1052,142,Amygdalus spinosissima,FT_only,
1053,142,Polygonum sewerzowii,FT_only,41
1054,142,Bungardia crhysogonum,FT_only,
1055,142,Stipa caucasica,FT_only,
1056,142,Dianthus polylepis,FT_only,
1057,142,Cousinia sp.,FT_only,
1058,142,Melica persica,FT_only,
1059,142,Onobrychis verae,FT_only,
1060,142,Agropyron intermedium,FT_only,
1061,142,Convolvulus lineatus,FT_only,
1062,142,Leontodon asperrimus,FT_only,
1063,142,Cerasus microcarpa,FT_only,
1064,142,Phlomis herba-venti,FT_only,
1065,142,Euphorbia bungei,FT_only,
1066,142,Stipa barbata,FT_only,
1067,142,Rosa canina,FT_only,
1068,142,Thesium kotschyanum,FT_only,43
1069,142,Cardaria draba,FT_only,
1070,142,Acantholimon erinaceum,FT_only,44
1071,142,Euphorbia boissieri,FT_only,40
1072,142,Cotoneaster nummularius,FT_only,
1073,143,Dianthus polylepis,match,
1074,143,Centaurea iberica,match,
1075,143,Bupleurum falcatum,match,
1076,143,Stachys lavandulifolia,match,
1077,143,Cerasus microcarpa,match,
1078,143,Eremurus stenophyllus,match,
1079,143,Verbascum cheiranthifolium,match,
1080,143,Iris songarica,match,
1081,143,Convolvulus lineatus,match,
1082,143,Artemisia kopetdaghensis,match,
1083,143,Erysimum ischnostylum,match,
1084,143,Stipa arabica,match,
1085,143,Cousinia sp.,match,
1086,143,Ziziphora clinopodioides,match,
1087,143,Festuca valesiaca,match,
1088,143,Elymus repens,match,
1089,143,Melica persica,match,
1090,143,Eryngium bungei,match,
1091,143,Taraxacum montanum,match,
1092,143,Centaurea virgata,match,
1093,143,Rosa canina,match,
1094,143,Acanthophyllum glandulosum,match,
1095,143,Alyssum szowitsianum,match,
1096,143,Acantholimon raddeanum,match,
1097,143,Poa bulbosa,match,
1098,143,Lactuca orientalis,match,
1099,143,Crucianella gilanica,match,
1100,143,Astragalus chrysostachys,match,
1101,143,Rosa persica,match,
1102,143,Cirsium bornmuelleri,match,
1103,143,Cotoneaster nummularius,match,
1104,143,Bunium cylindricum,fac_only,
1105,143,Acantholimon erinaceoum,fac_only,45
1106,143,Heteranthelium piliferum ,fac_only,
1107,143,Euphorbia Boissieriana ,fac_only,
1108,143,Tragopogon vedenskyi,fac_only,46
1109,143,Acanthophyllum korshinskyi,fac_only,
1110,143,Heteranthelium piliferum,fac_only,
1111,143,Allium xiphopetalum,fac_only,
1112,143,Stipa turkestanica,fac_only,
1113,143,Bothriochloa ischaemum,fac_only,
1114,143,Rochelia disperma,fac_only,
1115,143,Juniperus polycarpos,fac_only,
1116,143,Lappula barbata,fac_only,
1117,143,Festuca valesiaca ,fac_only,
1118,143,Astragalus jolderensis,fac_only,
1119,143,Lactuca serriola,fac_only,
1120,143,Convolvulus arvensis,fac_only,
1121,143,Cirsiumbornmulleri,fac_only,
1122,143,stipa torcamanica,fac_only,
1123,143,Galium humifusum,fac_only,
1124,143,Scandix,fac_only,
1125,143,Acanthophyllum sp.,fac_only,
1126,143,Astragalus barbidens,FT_only,
1127,143,Bromus kopetdagensis,FT_only,
1128,143,Lonicera nummulariifolia,FT_only,
1129,143,Acantholimon erinaceum,FT_only,45
1130,143,Silene bupleuroides,FT_only,
1131,143,Amygdalus spinosissima,FT_only,
1132,143,Leontodon asperrimus,FT_only,
1133,143,Phlomis herba-venti,FT_only,
1134,143,Reseda lutea,FT_only,
1135,143,Hypericum scabrum,FT_only,
1136,143,Poa versicolor,FT_only,
1137,143,Tragopogon vvedenskyi,FT_only,46
1138,143,Colchicum kotschyi,FT_only,
1139,143,Agropyron intermedium,FT_only,
1140,143,Festuca ovina,FT_only,
1141,143,Rosa sp.,FT_only,
1142,144,Cirsium sp.,match,
1143,144,Anthemis triumfetti,match,
1144,144,Centaurea virgata,match,
1145,144,Ziziphora clinopodioides,match,
1146,144,Echinops koelzii,match,
1147,144,Cotoneaster nummularius,match,
1148,144,Teucrium polium,match,
1149,144,Poa bulbosa,match,
1150,144,Bothriochloa ischaemum,match,
1151,144,Quercus castaneifolia,match,
1152,144,Vincetoxicum scandens,match,
1153,144,Alyssopsis mollis,match,
1154,144,Astragalus jolderensis,match,
1155,144,Galium verum,match,
1156,144,Verbascum cheiranthifolium,match,
1157,144,Scabiosa columbaria,match,
1158,144,Melica ciliata,match,
1159,144,Dactylis glomerata,match,
1160,144,Stipa bromoides,match,
1161,144,Euphorbia falcata,match,
1162,144,Stipa arabica,match,
1163,144,Agropyron cristatum,match,
1164,144,Silene sp.,match,
1165,144,Hypericum scabrum,match,
1166,144,Paliurus spina-christi,fac_only,
1167,144,Aractium  lappal,fac_only,
1168,144,Thymus transcaspius,fac_only,
1169,144,Dracocephalum kotschy,fac_only,49
1170,144,Tragopogon vedenskyi,fac_only,48
1171,144,Astragalus verus,fac_only,
1172,144,Astragalus verus ,fac_only,
1173,144,Callipeltis cucullaria,fac_only,
1174,144,Acinos graveolens,fac_only,
1175,144,Lactuca serriola,fac_only,
1176,144,Fumana procumbens,fac_only,
1177,144,Cleistogenes seratina,fac_only,50
1178,144,Carex halleriana,fac_only,
1179,144,Stachys turcomanica,fac_only,
1180,144,Lappula microcarpa,fac_only,
1181,144,Tragopogon graminifolius,fac_only,
1182,144,Hymenocrater elegans,fac_only,
1183,144,Haplophyllum acutifolium,fac_only,
1184,144,Leontodon asperrimus ,fac_only,
1185,144,Elymus repens,fac_only,
1186,144,Artemisia kopetdaghensis,fac_only,
1187,144,Eremurus stenophyllus ,fac_only,
1188,144,Colutea buhsei,fac_only,
1189,144,Ephedra major ,fac_only,
1190,144,Ziziphora persica,fac_only,
1191,144,Phlomis cancellata,fac_only,
1192,144,Rosa persica,fac_only,
1193,144,Centaurea sintenisiana,fac_only,
1194,144,Cerasus microcarpa,fac_only,
1195,144,Hymenocrater,fac_only,
1196,144,Cousinia stahliana,fac_only,
1197,144,Acanthophyllum sp.,fac_only,
1198,144,Noaea mucronata,fac_only,
1199,144,Rochelia disperma,fac_only,
1200,144, Allium fibrosum,fac_only,47
1201,144,Rumex tuberosus,fac_only,
1202,144,Salvia sclarea,fac_only,
1203,144,Hordeum bulbosum,fac_only,
1204,144,Lappula barbata,fac_only,
1205,144,Allium fibrosum,FT_only,47
1206,144,Thymus transcaspicus,FT_only,
1207,144,Astragalus chrysostachys,FT_only,
1208,144,Iris songarica,FT_only,
1209,144,Origanum vulgare,FT_only,
1210,144,Achillea biebersteinii,FT_only,
1211,144,Pterocephalus plumosus,FT_only,
1212,144,Crataegus microphylla,FT_only,
1213,144,Berberis integerrima,FT_only,
1214,144,Asperula arvensis,FT_only,
1215,144,Melica persica,FT_only,
1216,144,Tragopogon vvedenskyi,FT_only,48
1217,144,Dracocephalum kotschyi,FT_only,49
1218,144,Sanguisorba minor,FT_only,
1219,144,Cleistogenes serotina,FT_only,50
1220,145,Quercus castaneifolia,match,
1221,145,Crataegus microphylla,match,
1222,145,Viola odorata,match,
1223,145,Juniperus communis,match,
1224,145,Amygdalus spinosissima,match,
1225,145,Galium verum,match,
1226,145,Carex halleriana,match,
1227,145,Agropyron cristatum,match,
1228,145,Fumana procumbens,match,
1229,145,Echinops koelzii,match,
1230,145,Convolvulus lineatus,match,
1231,145,Vincetoxicum scandens,match,
1232,145,Bothriochloa ischaemum,match,
1233,145,Stachys subaphylla,match,
1234,145,Euphorbia falcata,match,
1235,145,Silene sp.,match,
1236,145,Verbascum cheiranthifolium,match,
1237,145,Allium fibrosum,match,
1238,145,Rosa canina,match,
1239,145,Ziziphora clinopodioides,match,
1240,145,Cerasus microcarpa,match,
1241,145,Stipa bromoides,match,
1242,145,Rumex tuberosus,match,
1243,145,Poa bulbosa,match,
1244,145,Astragalus jolderensis,match,
1245,145,Centaurea virgata,match,
1246,145,Dactylis glomerata,match,
1247,145,Cotoneaster nummularius,match,
1248,145,Teucrium polium,match,
1249,145,Elymus repens,match,
1250,145,Hypericum scabrum,match,
1251,145,Artemisia kopetdaghensis,fac_only,
1252,145,Ephedra major ,fac_only,
1253,145,Verbascum sp.,fac_only,
1254,145,Rochelia disperma,fac_only,
1255,145,Agropyron trichophorum,fac_only,
1256,145,Leontodon asperrimus ,fac_only,55
1257,145,Paliurus spina-christi ,fac_only,54
1258,145,Tragopogon graminifolius,fac_only,
1259,145,Cirsium arvensis,fac_only,
1260,145,Convolvulus arvensis,fac_only,
1261,145,Haplophylum,fac_only,
1262,145,Thymus transcaspius,fac_only,57
1263,145,Bromus tectorum,fac_only,
1264,145,Dracocephalum kotschy,fac_only,56
1265,145,Cynodon dactylon,fac_only,
1266,145,Buffonia oliveriana,fac_only,53
1267,145,Acinos graveolens,fac_only,
1268,145,Artemisia scoparia,fac_only,
1269,145,1,fac_only,
1270,145,Stachys inflata,fac_only,
1271,145, Allium fibrosum,fac_only,
1272,145,Stipa arabica,fac_only,
1273,145,Centaurea sintenisiana,fac_only,
1274,145,Alyssopsis mollis,fac_only,
1275,145,Eremurus stenophyllus ,fac_only,
1276,145,Phlomis cancellata,fac_only,
1277,145,Hymenocrater elegans,fac_only,
1278,145,Lactuca serriola,fac_only,
1279,145,Acanthophyllum sp.,fac_only,
1280,145,Colutea buhsei,fac_only,
1281,145,Rosa persica,fac_only,
1282,145,Noaea mucronata,fac_only,
1283,145,Onobrychis melano,fac_only,
1284,145,Convolvolus comotados,fac_only,
1285,145,Cousinia stahliana,fac_only,
1286,145,Hypericum scab,fac_only,
1287,145,Ziziphora persica,fac_only,
1288,145,Rhamnus pallasii ,fac_only,52
1289,145,Cleistogenes seratina,fac_only,51
1290,145,Cirsium sp.,FT_only,
1291,145,Cleistogenes serotina,FT_only,51
1292,145,Melica persica,FT_only,
1293,145,Acer monspessulanum,FT_only,
1294,145,Juniperus excelsa,FT_only,
1295,145,Stachys turcomanica,FT_only,
1296,145,Rhamnus pallasii,FT_only,52
1297,145,Berberis integerrima,FT_only,
1298,145,Bufonia oliveriana,FT_only,53
1299,145,Centaurea iberica,FT_only,
1300,145,Origanum vulgare,FT_only,
1301,145,Paliurus spina-christi,FT_only,54
1302,145,Astragalus chrysostachys,FT_only,
1303,145,Leontodon asperrimus,FT_only,55
1304,145,Onosma dichroantha,FT_only,
1305,145,Dracocephalum kotschyi,FT_only,56
1306,145,Thymus transcaspicus,FT_only,57
1307,145,Anthemis triumfetti,FT_only,
1308,145,Plantago lanceolata,FT_only,
1309,146,Iris songarica,match,
1310,146,Polygonum aviculare,match,
1311,146,Hypericum scabrum,match,
1312,146,Sanguisorba minor,match,
1313,146,Rosa canina,match,
1314,146,Quercus castaneifolia,match,
1315,146,Crataegus microphylla,match,
1316,146,Stachys subaphylla,match,
1317,146,Anthemis triumfetti,match,
1318,146,Cirsium sp.,match,
1319,146,Dactylis glomerata,match,
1320,146,Achillea biebersteinii,match,
1321,146,Berberis integerrima,match,
1322,146,Echinops koelzii,match,
1323,146,Teucrium polium,match,
1324,146,Melica ciliata,match,
1325,146,Vincetoxicum scandens,match,
1326,146,Salvia sclarea,match,
1327,146,Galium verum,match,
1328,146,Cerasus microcarpa,match,
1329,146,Eryngium caucasicum,match,
1330,146,Stipa bromoides,match,
1331,146,Allium fibrosum,match,
1332,146,Cotoneaster nummularius,match,
1333,146,Rumex tuberosus,match,
1334,146,Poa bulbosa,match,
1335,146,Colutea buhsei,match,
1336,146,Alyssopsis mollis,match,
1337,146,Euphorbia falcata,match,
1338,146,Centaurea sintenisiana,match,
1339,146,Bothriochloa ischaemum,match,
1340,146,Agropyron cristatum,match,
1341,146,Centaurea virgata,match,
1342,146,Cousinia stahliana,match,
1343,146,celtis,fac_only,
1344,146,Verbascum sp.,fac_only,
1345,146,Stachys turcomanica,fac_only,
1346,146,Thymus transcaspius,fac_only,59
1347,146,Acinos graveolens,fac_only,
1348,146,Elymus repens,fac_only,
1349,146,Tragopogon vedenskyi,fac_only,
1350,146,Lonicera nummulariifolia,fac_only,
1351,146,onobrochis,fac_only,
1352,146,Aractium  lappal,fac_only,
1353,146,Cirsium arvensis,fac_only,
1354,146,Lappula barbata,fac_only,
1355,146, Allium fibrosum,fac_only,
1356,146,Callipeltis cucullaria,fac_only,
1357,146,Artemisia kopetdaghensis,fac_only,
1358,146,Lactuca serriola,fac_only,
1359,146,Ziziphora clinopodioides,fac_only,
1360,146,Dracocephalum kotschy,fac_only,58
1361,146,Cleistogenes seratina,fac_only,61
1362,146,Hymenocrater elegans,fac_only,
1363,146,Serratula latifolia,fac_only,
1364,146,Avena sterilis,fac_only,
1365,146,onobrochis melanotrica,fac_only,
1366,146,Fumana procumbens,fac_only,
1367,146,Acer monspessulanum  seedling,fac_only,60
1368,146,Taraxacum montanum,fac_only,
1369,146,skrozorera,fac_only,
1370,146,Dianthus polylepis,FT_only,
1371,146,Dracocephalum kotschyi,FT_only,58
1372,146,Asteracea sp.,FT_only,
1373,146,Bromus kopetdagensis,FT_only,
1374,146,Artemisia scoparia,FT_only,
1375,146,Verbascum cheiranthifolium,FT_only,
1376,146,Bromus japonicus,FT_only,
1377,146,Silene sp.,FT_only,
1378,146,Rhamnus pallasii,FT_only,
1379,146,Thymus transcaspicus,FT_only,59
1380,146,Acer monspessulanum,FT_only,60
1381,146,Scabiosa columbaria,FT_only,
1382,146,Cleistogenes serotina,FT_only,61
1383,146,Pterocephalus plumosus,FT_only,
1384,146,Potentilla recta,FT_only,
1385,146,Origanum vulgare,FT_only,
1386,146,Arctium lappa,FT_only,
1387,147,Carex stenophylla,match,
1388,147,Pistacia vera,match,
1389,147,Kochia prostrata,fac_only,
1390,147,Noaea mucronata,fac_only,
1391,147,Astragalus verus,fac_only,
1392,147,Salvia chloroleuca,FT_only,
1393,148,Ephedra foliata,match,
1394,148,Carex stenophylla,match,
1395,148,Phlomoides labiosa,match,
1396,148,Salsola dendroides,match,
1397,148,Noaea mucronata,match,
1398,148,Kochia prostrata,match,
1399,148,Centaurea virgata,match,
1400,148,Pistacia vera,match,
1401,148,Artemisia kopetdaghensis,match,
1402,148,Rosa persica,match,
1403,148,Zygophyllum atriplicoides,match,
1404,148,Khochia protate,fac_only,
1405,148,Bunium cylindricum,fac_only,
1406,148,Amygdalus spinosissima,fac_only,
1407,148,Astragalus brevidens,fac_only,
1408,148,Teucrium polium,fac_only,
1409,148,Stachys lavandulifolia,fac_only,
1410,148,Callipeltis cucullaria,fac_only,
1411,148,Linaria simplex,fac_only,
1412,148,Allium sp.,fac_only,
1413,148,Velezia rigida,fac_only,
1414,148,Koelpinia linearis,fac_only,
1415,148,Elymus repens,FT_only,
1416,148,Onobrychis chorassanica,FT_only,
1417,148,Onobrychis verae,FT_only,
1418,148,Cousinia microcarpa,FT_only,
1419,148,Eremodaucus lehmannii,FT_only,
1420,148,Stachys turcomanica,FT_only,
1421,148,Eremostachis labiosa,FT_only,
1422,149,Cousinia microcarpa,match,
1423,149,Haplophyllum acutifolium,match,
1424,149,Centaurea virgata,match,
1425,149,Pistacia vera,match,
1426,149,Ephedra foliata,match,
1427,149,Onobrychis chorassanica,match,
1428,149,Zygophyllum atriplicoides,match,
1429,149,Bunium cylindricum,match,
1430,149,Artemisia kopetdaghensis,match,
1431,149,Carex stenophylla,match,
1432,149,Onobrychis radiata,fac_only,
1433,149,Galium elegans,fac_only,
1434,149,Koelpinia linearis,fac_only,
1435,149,Kochia prostrata,fac_only,
1436,149,Stachys lavandulifolia,fac_only,
1437,149,Stipa arabica,fac_only,
1438,149,Astragalus filicaulis,fac_only,
1439,149,Phlomoides labiosa,fac_only,
1440,149,Ephedra  foliata,fac_only,
1441,149,Eremodaucus lehmannii  ,fac_only,62
1442,149,Astragalus sp.ver,fac_only,
1443,149,Vicia subvillosa,fac_only,
1444,149,Onobrychis pulchella ,fac_only,
1445,149,Convolvulus lineatus,fac_only,
1446,149,Poa bulbosa,fac_only,
1447,149,Cousinia sp.,fac_only,
1448,149,Teucrium polium,FT_only,
1449,149,Eremodaucus lehmannii,FT_only,62
1450,149,Cirsium bornmuelleri,FT_only,
1451,150,Pistacia vera,match,
1452,150,Zygophyllum atriplicoides,match,
1453,150,Carex stenophylla,match,
1454,150,Stachys lavandulifolia,match,
1455,150,Ephedra foliata,match,
1456,150,Artemisia kopetdaghensis,match,
1457,150,Galium elegans,fac_only,
1458,150,Eremodaucus lehmannii  ,fac_only,63
1459,150,Bunium cylindricum,fac_only,
1460,150,Crambe kotschyana,fac_only,
1461,150,Amygdalus spinosissima,fac_only,
1462,150,Torginia latipholia,fac_only,
1463,150,Stachys trinervis,fac_only,
1464,150,Allium sp.,fac_only,
1465,150,Noaea macrenata,fac_only,
1466,150,Astragalus brevidens,fac_only,
1467,150,Stachys  trinevis,fac_only,
1468,150,Tulipa undulatifolia,fac_only,
1469,150,Alyssum desertorum,fac_only,
1470,150,Cousinia microcarpa,fac_only,
1471,150,Haplophyllum acutifolium,fac_only,
1472,150,Convolvulus lineatus,fac_only,
1473,150,Centaurea virgata,FT_only,
1474,150,Eremodaucus lehmannii,FT_only,63
1475,150,Stachys turcomanica,FT_only,
1476,151,Rhamnus lycioides,match,
1477,151,Pistacia lentiscus,match,
1478,151,Asparagus aphyllus,match,
1479,151,Ballota undulata,match,
1480,151,Phillyrea latifolia,match,
1481,151,Ephedra foeminea,match,
1482,151,Capparis spinosa,fac_only,
1483,151,Prasium majus,fac_only,
1484,151,Olea europaea,fac_only,
1485,151,Phagnalon rupestre,fac_only,
1486,151,Polygonum equisetiforme,FT_only,
1487,152,Olea europaea,match,
1488,152,Pistacia lentiscus,match,
1489,152,Ephedra foeminea,match,
1490,152,Rhamnus lycioides,match,
1491,152,Capparis spinosa,match,
1492,152,Asparagus aphyllus,match,
1493,152,Prasium majus,fac_only,
1494,152,Sarcopoterium spinosum,fac_only,
1495,152,Teucrium capitatum,fac_only,
1496,152,Phagnalon rupestre,fac_only,
1497,152,Amygdalus communis,fac_only,
1498,153,Asparagus aphyllus,match,
1499,153,Sarcopoterium spinosum,match,
1500,153,Capparis spinosa,match,
1501,153,Polygonum equisetiforme,match,
1502,153,Rhamnus lycioides,match,
1503,153,Ballota undulata,match,
1504,153,Salvia dominica,match,
1505,153,Piptatherum miliaceum,match,
1506,153,Ephedra foeminea,match,
1507,153,Ononis natrix,match,
1508,153,Pallenis spinosa,match,
1509,153,Echium judaeum,fac_only,
1510,153,Teucrium capitatum,fac_only,
1511,153,Phagnalon rupestre,FT_only,
1512,154,Hyparrhenia hirta,match,
1513,154,Fumana arabica,match,
1514,154,Sarcopoterium spinosum,match,
1515,154,Ephedra foeminea,match,
1516,154,Helichrysum sanguineum,match,
1517,154,Rhamnus lycioides,match,
1518,154,Teucrium capitatum,match,
1519,154,Asparagus aphyllus,match,
1520,154,Phagnalon rupestre,match,
1521,154,Pistacia lentiscus,match,
1522,154,Phillyrea latifolia,match,
1523,154,Prasium majus,fac_only,
1524,154,Echium judaeum,fac_only,
1525,155,Capparis spinosa,match,
1526,155,Foeniculum vulgare,match,
1527,155,Ephedra foeminea,FT_only,
1528,155,Origanum syriacum,FT_only,
1529,156,Capparis spinosa,match,
1530,156,Foeniculum vulgare,match,
1531,156,Dianthus strictus,FT_only,
1532,157,Origanum syriacum,match,
1533,157,Capparis spinosa,match,
1534,157,Foeniculum vulgare,match,
1535,157,origanum syriacum,fac_only,
1536,157,Sideritis pullulans,FT_only,
1537,157,Plumbago europaea,FT_only,
1538,157,Echinops adenocaulis,FT_only,
1539,158,Foeniculum vulgare,match,
1540,158,Capparis spinosa,match,
1541,158,Dianthus strictus,match,
1542,158,Hypericum triquetrifolium,fac_only,
1543,159,Teucrium capitatum,match,
1544,159,Noaea mucronata,match,
1545,159,Atractylis serratuloides,match,
1546,159,Thymelaea hirsuta,match,
1547,159,Pituranthos tortuosus,fac_only,
1548,159,Argyrolobium uniflorum,FT_only,
1549,159,Polygonum equisetiforme,FT_only,
1550,160,Atractylis serratuloides,match,
1551,160,Teucrium capitatum,match,
1552,160,Thymelaea hirsuta,match,
1553,160,Noaea mucronata,match,
1554,160,Argyrolobium uniflorum,FT_only,
1555,161,Noaea mucronata,match,
1556,161,Teucrium capitatum,match,
1557,161,Thymelaea hirsuta,match,
1558,161,Atractylis serratuloides,match,
1559,161,Helianthemum kahiricum,FT_only,
1560,162,Noaea mucronata,match,
1561,162,Phagnalon rupestre,match,
1562,162,Atractylis serratuloides,match,
1563,162,Teucrium capitatum,match,
1564,162,Pituranthos tortuosus,fac_only,
1565,162,Reaumuria hirtella,FT_only,
1566,162,Thymelaea hirsuta,FT_only,
1567,193,Aristida congesta,match,
1568,193,Acacia mellifera,match,
1569,193,Acacia hebeclada,match,
1570,193,Momordica balsamina,match,
1571,193,Requienia sphaerosperma,match,
1572,193,Cucumis africanus,match,
1573,193,Grewia flava,match,
1574,193,Aristida meridionalis,match,
1575,193,Asparagus cooperi,match,
1576,193,Merremia tridentata,match,
1577,193,Pupalia lappacea,match,
1578,193,Pollichia campestris,match,
1579,193,Tephrosia burchellii,match,
1580,193,Otoptera burchellii,match,
1581,193,Stipagrostis uniplumis,match,
1582,193,Lycium bosciifolium,match,
1583,193,Ziziphus mucronata,match,
1584,193,Ipomoea bolusiana,match,
1585,193,Pergularia daemia,match,
1586,193,Acacia erioloba,match,
1587,193,Aristida stipitata,match,
1588,193,Senna italica,match,
1589,193,Pavonia burchellii,match,
1590,193,Rhynchosia minima,fac_only,
1591,193,Lycium hirsutum,fac_only,
1592,193,Talinum crispatulum,fac_only,
1593,193,Hermannia tomentosa,fac_only,
1594,193,Orthanthera jasminiflora,fac_only,
1595,193,Ipomoea indet.,fac_only,
1596,194,Stipagrostis uniplumis,match,
1597,194,Requienia sphaerosperma,match,
1598,194,Aristida congesta,match,
1599,194,Aristida stipitata,match,
1600,194,Hermannia tomentosa,match,
1601,194,Senna italica,match,
1602,194,Eragrostis lehmanniana,match,
1603,194,Acacia erioloba,match,
1604,194,Tephrosia burchellii,match,
1605,194,Aristida meridionalis,match,
1606,194,Pergularia daemia,FT_only,
1607,194,Cucumis africanus,FT_only,
1608,194,Dicoma schinzii,FT_only,
1609,194,Asparagus cooperi,FT_only,
1610,194,Gnidia polycephala,FT_only,
1611,194,Orthanthera jasminiflora,FT_only,
1612,194,Harte Bltter,FT_only,
1613,194,Pollichia campestris,FT_only,
1614,194,Momordica balsamina,FT_only,
1615,195,Merremia tridentata,match,
1616,195,Aristida stipitata,match,
1617,195,Tephrosia burchellii,match,
1618,195,Aristida meridionalis,match,
1619,195,Aristida congesta,match,
1620,195,Senna italica,match,
1621,195,Requienia sphaerosperma,match,
1622,195,Hermannia tomentosa,match,
1623,195,Stipagrostis uniplumis,match,
1624,195,Eragrostis lehmanniana,FT_only,
1625,195,Melinis repens,FT_only,
1626,195,Pollichia campestris,FT_only,
1627,195,Gnidia polycephala,FT_only,
1628,195,Ziziphus mucronata,FT_only,
1629,195,Momordica balsamina,FT_only,
1630,195,Asparagus cooperi,FT_only,
1631,195,Cucumis africanus,FT_only,
1632,195,Acacia hebeclada,FT_only,
1633,195,Acacia erioloba,FT_only,
1634,195,Talinum crispatulum,FT_only,
1635,195,Trachyandra revoluta,FT_only,
1636,196,Dichrostachys cinerea,match,
1637,196,Tylosema esculentum,match,
1638,196,Indigofera alternans,match,
1639,196,Terminalia sericea,match,
1640,196,Albuca fleckii,match,
1641,196,Grewia flava,match,
1642,196,Schmidtia pappophoroides,match,
1643,196,Eragrostis lehmanniana,match,
1644,196,Indigofera heterotricha,match,
1645,196,Lantana angolensis,match,
1646,196,Dicoma schinzii,match,
1647,196,Acacia mellifera,match,
1648,196,Rhynchosia minima,match,
1649,196,Eragrostis rigidior,match,
1650,196,Stipagrostis uniplumis,match,
1651,196,Eragrostis pallens,match,
1652,196,Lapeirousia bainesii,match,
1653,196,Ptycholobium biflorum,match,
1654,196,Pollichia campestris,match,
1655,196,Aristida meridionalis,match,
1656,196,Barleria macrostegia,match,
1657,196,Ipomoea welwitschii,match,
1658,196,Tephrosia burchellii,match,
1659,196,Solanum delagoense,match,
1660,196,Aristida stipitata,match,
1661,196,Acacia erioloba,match,
1662,196,Elephantorrhiza elephantina,match,
1663,196,Tarchonanthus camphoratus,match,
1664,196,Walleria nutans,match,
1665,196,Raphionacme lanceolata,match,
1666,196,Talinum caffrum,match,
1667,196,Ziziphus mucronata,match,
1668,196,Sida ovata,match,
1669,196,Chamaecrista biensis,fac_only,
1670,196,Hermannia tomentosa,fac_only,
1671,196,Merremia tridentata,fac_only,
1672,196,Cyperus margaritaceus,fac_only,
1673,196,Searsia ternuinervis,fac_only,64
1674,196,Blepharis integrifolia,fac_only,
1675,196,Melinis repens subsp. Repens,fac_only,65
1676,196,Geophyte indet.,fac_only,66
1677,196,Cucumis meeusei,fac_only,
1678,196,Trachyandra saltii,fac_only,
1679,196,Hermannia pulchella,fac_only,
1680,196,Requienia sphaerosperma,fac_only,
1681,196,Trachyandra revoluta,FT_only,
1682,196,Eragrostis nindensis,FT_only,
1683,196,Corallocarpus schinzii,FT_only,
1684,196,Aristida congesta,FT_only,
1685,196,Melinis repens,FT_only,65
1686,196,Hermbstaedtia odorata,FT_only,
1687,196,Rhus tenuinervis,FT_only,64
1688,196,Asparagus nelsii,FT_only,
1689,196,Commelina sp.,FT_only,
1690,196,Ozoroa paniculosa,FT_only,
1691,196,Melhania burchellii,FT_only,
1692,196,Geophyt indet.,FT_only,66
1693,196,Acacia hebeclada,FT_only,
1694,197,Trachyandra revoluta,match,
1695,197,Merremia tridentata,match,
1696,197,Cyperus margaritaceus,match,
1697,197,Hermannia tomentosa,match,
1698,197,Ptycholobium biflorum,match,
1699,197,Albuca fleckii,match,
1700,197,Melhania burchellii,match,
1701,197,Rhynchosia minima,match,
1702,197,Dicoma schinzii,match,
1703,197,Barleria macrostegia,match,
1704,197,Trachyandra saltii,match,
1705,197,Sida ovata,match,
1706,197,Walleria nutans,match,
1707,197,Aristida stipitata,match,
1708,197,Eragrostis lehmanniana,match,
1709,197,Indigofera alternans,match,
1710,197,Dichrostachys cinerea,match,
1711,197,Indigofera heterotricha,match,
1712,197,Eragrostis rigidior,match,
1713,197,Ipomoea welwitschii,match,
1714,197,Aristida meridionalis,match,
1715,197,Aristida congesta,match,
1716,197,Lapeirousia bainesii,match,
1717,197,Grewia flava,match,
1718,197,Tylosema esculentum,match,
1719,197,Tephrosia burchellii,match,
1720,197,Triraphis schinzii,match,
1721,197,Fockea angustifolia,match,
1722,197,Talinum caffrum,match,
1723,197,Terminalia sericea,match,
1724,197,Stipagrostis uniplumis,match,
1725,197,Raphionacme lanceolata,match,
1726,197,Schmidtia pappophoroides,match,
1727,197,Cucumis meeusei,match,
1728,197,Elephantorrhiza elephantina,match,
1729,197,Acacia erioloba,match,
1730,197,Tarchonanthus camphoratus,match,
1731,197,Ornithoglossum vulgare,fac_only,
1732,197,Melinis repens subsp. Repens,fac_only,67
1733,197,Asparagus indet.,fac_only,68
1734,197,Blepharis integrifolia,fac_only,
1735,197,Commelina livingstonii,fac_only,
1736,197,Seddera suffruticosa,fac_only,
1737,197,Acacia fleckii,fac_only,
1738,197,Babiana hypogea,fac_only,
1739,197,Eragrostis nindensis,fac_only,
1740,197,Eragrostis pallens,fac_only,
1741,197,Geophyte indet.,fac_only,69
1742,197,Asteraceae indet.,fac_only,
1743,197,Sida cordifolia,fac_only,
1744,197,Apocynaceae indet.,FT_only,
1745,197,Commelina sp.,FT_only,
1746,197,Pollichia campestris,FT_only,
1747,197,Helichrysum tomentosulum,FT_only,
1748,197,Rhus tenuinervis,FT_only,
1749,197,Ozoroa paniculosa,FT_only,
1750,197,Requienia sphaerosperma,FT_only,
1751,197,Ziziphus mucronata,FT_only,
1752,197,Pentarrhinum insipidum,FT_only,
1753,197,Geophyt indet.,FT_only,69
1754,197,Melinis repens,FT_only,67
1755,197,Eragrostis trichophora,FT_only,
1756,197,Acacia hebeclada,FT_only,
1757,197,Searsia tenuinervis,FT_only,
1758,197,Asparagus sp.,FT_only,68
1759,197,Acacia mellifera,FT_only,
1760,197,Digitaria seriata,FT_only,
1761,198,Hermannia tomentosa,match,
1762,198,Triraphis schinzii,match,
1763,198,Dichrostachys cinerea,match,
1764,198,Barleria macrostegia,match,
1765,198,Indigofera alternans,match,
1766,198,Aristida congesta,match,
1767,198,Dicoma schinzii,match,
1768,198,Blepharis integrifolia,match,
1769,198,Aristida stipitata,match,
1770,198,Eragrostis rigidior,match,
1771,198,Eragrostis nindensis,match,
1772,198,Eragrostis lehmanniana,match,
1773,198,Rhynchosia minima,match,
1774,198,Walleria nutans,match,
1775,198,Merremia tridentata,match,
1776,198,Raphionacme lanceolata,match,
1777,198,Tylosema esculentum,match,
1778,198,Aristida meridionalis,match,
1779,198,Terminalia sericea,match,
1780,198,Indigofera heterotricha,match,
1781,198,Cucumis meeusei,match,
1782,198,Trachyandra revoluta,match,
1783,198,Albuca fleckii,match,
1784,198,Lantana angolensis,match,
1785,198,Tephrosia burchellii,match,
1786,198,Acacia erioloba,match,
1787,198,Talinum caffrum,match,
1788,198,Schmidtia pappophoroides,match,
1789,198,Stipagrostis uniplumis,match,
1790,198,Grewia flava,match,
1791,198,Lapeirousia bainesii,match,
1792,198,Sida ovata,match,
1793,198,Melinis repens subsp. Repens,fac_only,70
1794,198,Melhania burchellii,fac_only,
1795,198,Seddera suffruticosa,fac_only,
1796,198,Acacia mellifera,FT_only,
1797,198,Commelina livingstonii,FT_only,
1798,198,Elephantorrhiza elephantina,FT_only,
1799,198,Indigofera sp.,FT_only,
1800,198,Melinis repens,FT_only,70
1801,198,Hermannia pulchella,FT_only,
1802,198,Tarchonanthus camphoratus,FT_only,
1803,198,Pollichia campestris,FT_only,
1804,198,Ozoroa paniculosa,FT_only,
1805,198,Ziziphus mucronata,FT_only,
1806,198,Gnidia polycephala,FT_only,
1807,198,Acacia hebeclada,FT_only,
1808,198,Duvalia polita,FT_only,
1809,199,Asparagus nelsii,match,
1810,199,Clerodendrum ternatum,match,
1811,199,Acacia mellifera,match,
1812,199,Ipomoea bolusiana,match,
1813,199,Stipagrostis uniplumis,match,
1814,199,Bauhinia petersiana,match,
1815,199,Grewia flava,match,
1816,199,Eragrostis trichophora,match,
1817,199,Raphionacme lanceolata,match,
1818,199,Eragrostis rigidior,match,
1819,199,Commiphora angolensis,match,
1820,199,Blepharis mitrata,match,
1821,199,Grewia flavescens,match,
1822,199,Sida cordifolia,match,
1823,199,Dichrostachys cinerea,match,
1824,199,Digitaria seriata,match,
1825,199,Panicum maximum,match,
1826,199,Ozoroa schinzii,match,
1827,199,Commiphora africana,match,
1828,199,Croton gratissimus,match,
1829,199,Lantana angolensis,match,
1830,199,Acacia fleckii,match,
1831,199,Acacia ataxacantha,match,
1832,199,Acacia luederitzii,match,
1833,199,Acacia erioloba,match,
1834,199,Terminalia sericea,match,
1835,199,Peltophorum africanum,match,
1836,199,Commelina benghalensis,fac_only,
1837,199,Rhynchosia totta var. fenchelii,fac_only,72
1838,199,Herb indet. 1,fac_only,
1839,199,Cyperus margaritaceus,fac_only,
1840,199,combretum collinum,fac_only,
1841,199,commelina africana,fac_only,73
1842,199,Clerodendrum uncinatum,fac_only,
1843,199,Combretum hereroense,fac_only,
1844,199,Ipomoea dichroa,fac_only,71
1845,199,Albuca fleckii,fac_only,
1846,199,Merremia tridentata,fac_only,
1847,199,Pergularia daemia,fac_only,
1848,199,Combretum indet.,fac_only,
1849,199,Pupalia lappacea,fac_only,
1850,199,Plukenetia africana,fac_only,
1851,199,Ptycholobium biflorum,fac_only,
1852,199,Acacia hebeclada,fac_only,
1853,199,Ipomoea obscura,fac_only,
1854,199,Searsia tenuinervis,FT_only,
1855,199,Coccinia rehmannii,FT_only,
1856,199,Corallocarpus welwitschii,FT_only,
1857,199,Boscia albitrunca,FT_only,
1858,199,Blepharis maderaspatensis,FT_only,
1859,199,Ipomoea dichoroa,FT_only,71
1860,199,Rhus tenuinervis,FT_only,
1861,199,Eragrostis lehmanniana,FT_only,
1862,199,Ochna pulchra,FT_only,
1863,199,Rhynchosia totta,FT_only,72
1864,199,Melinis repens,FT_only,
1865,199,Commelina africana,FT_only,73
1866,199,Rhigozum brevispinosum,FT_only,
1867,199,Duvalia polita,FT_only,
1868,199,Ipomoea sp.,FT_only,
1869,199,Asparagus sp.,FT_only,
1870,200,Acacia ataxacantha,match,
1871,200,Ptycholobium biflorum,match,
1872,200,Cyperus margaritaceus,match,
1873,200,Asparagus nelsii,match,
1874,200,Grewia flavescens,match,
1875,200,Schmidtia pappophoroides,match,
1876,200,Psydrax livida,match,
1877,200,Dichrostachys cinerea,match,
1878,200,Albuca fleckii,match,
1879,200,Commiphora angolensis,match,
1880,200,Baphia massaiensis,match,
1881,200,Clerodendrum ternatum,match,
1882,200,Bauhinia petersiana,match,
1883,200,Digitaria seriata,match,
1884,200,Terminalia sericea,match,
1885,200,Croton gratissimus,match,
1886,200,Neorautanenia amboensis,match,
1887,200,Mundulea sericea,match,
1888,200,Ozoroa schinzii,match,
1889,200,Aristida meridionalis,match,
1890,200,Sida cordifolia,match,
1891,200,Eragrostis pallens,match,
1892,200,Stipagrostis uniplumis,match,
1893,200,Merremia tridentata,match,
1894,200,Ochna pulchra,match,
1895,200,Baissea wulfhorstii,match,
1896,200,Acacia fleckii,match,
1897,200,Rhynchosia totta var. fenchelii,fac_only,74
1898,200,Pavonia clathrata,fac_only,
1899,200,Commelina benghalensis,fac_only,
1900,200,Duvalia polita,fac_only,
1901,200,Tricliceras schinzii,fac_only,
1902,200,Geophyte indet.,fac_only,
1903,200,Combretum engleri,fac_only,
1904,200,Asparagus indet.,fac_only,75
1905,200,Combretum indet.,fac_only,
1906,200,Chamaecrista biensis,fac_only,
1907,200,Philenoptera nelsii,FT_only,
1908,200,Combretum hereroense,FT_only,
1909,200,Combretum collinum,FT_only,
1910,200,Commelina diffusa,FT_only,
1911,200,Melinis repens,FT_only,
1912,200,Commelina sp.,FT_only,
1913,200,Ozoroa paniculosa,FT_only,
1914,200,Rhynchosia totta,FT_only,74
1915,200,Combretum zeyheri,FT_only,
1916,200,Lapeirousia odoratissima,FT_only,
1917,200,Panicum coloratum,FT_only,
1918,200,Peltophorum africanum,FT_only,
1919,200,Asparagus sp.,FT_only,75
1920,200,Combretum psidioides,FT_only,
1921,200,Panicum kalaharense,FT_only,
1922,200,Grewia flava,FT_only,
1923,201,Mundulea sericea,match,
1924,201,Terminalia sericea,match,
1925,201,Combretum engleri,match,
1926,201,Bauhinia petersiana,match,
1927,201,Digitaria seriata,match,
1928,201,Grewia flavescens,match,
1929,201,Ozoroa schinzii,match,
1930,201,Croton gratissimus,match,
1931,201,Aristida meridionalis,match,
1932,201,Acacia ataxacantha,match,
1933,201,Neorautanenia amboensis,match,
1934,201,Baissea wulfhorstii,match,
1935,201,Stipagrostis uniplumis,match,
1936,201,Baphia massaiensis,match,
1937,201,Combretum psidioides,match,
1938,201,Commiphora angolensis,match,
1939,201,Ochna pulchra,match,
1940,201,Acacia fleckii,match,
1941,201,Merremia tridentata,fac_only,
1942,201,Cyperus margaritaceus,fac_only,
1943,201,Rhynchosia totta var. fenchelii,fac_only,
1944,201,Ptycholobium biflorum,fac_only,
1945,201,commelina africana,fac_only,78
1946,201,tree indet.,fac_only,
1947,201,Psydrax livida,fac_only,
1948,201,combretum collinum,fac_only,77
1949,201,Blepharis maderaspatensis,fac_only,
1950,201,Pavonia clathrata,fac_only,
1951,201,Eragrostis trichophora,fac_only,
1952,201,Lapeirousia odoratissima,fac_only,
1953,201,Sida cordifolia,fac_only,
1954,201,combretum zeyheri,fac_only,76
1955,201,Commelina sp.,FT_only,
1956,201,Albuca fleckii,FT_only,
1957,201,Combretum zeyheri,FT_only,76
1958,201,Asparagus nelsii,FT_only,
1959,201,Philenoptera nelsii,FT_only,
1960,201,Combretum collinum,FT_only,77
1961,201,Commelina africana,FT_only,78
1962,201,Acacia erubescens,FT_only,
1963,201,Commiphora africana,FT_only,
1964,201,Schmidtia pappophoroides,FT_only,
1965,201,Cyperus tenuiculmis,FT_only,
1966,201,Dichrostachys cinerea,FT_only,
1967,201,Melinis repens,FT_only,
1968,214,Centropodia glauca,match,
1969,214,Acacia mellifera,match,
1970,214,Stipagrostis amabilis,match,
1971,214,Acacia erioloba,match,
1972,214,Rhigozum trichotomum,match,
1973,214,Acacia mellifera small,fac_only,
1974,214,Unk 1,FT_only,
1975,214,AM grass,FT_only,
1976,214,Senna italica,FT_only,
1977,215,Stipagrostis amabilis,match,
1978,215,Rhigozum trichotomum,match,
1979,215,Acacia erioloba,match,
1980,215,Acacia haematoxylon,match,
1981,215,Aristida meridionalis,match,
1982,215,Acacia mellifera,match,
1983,215,Centropodia glauca,match,
1984,215,Ocumers,fac_only,
1985,215,Grewia flava,fac_only,
1986,215,Asparagus,fac_only,
1987,215,Lycium sp.,FT_only,
1988,215,Cullen obtusifolia,FT_only,
1989,215,Senna italica,FT_only,
1990,215,SU grass,FT_only,
1991,215,Crotalaria sp.,FT_only,
1992,216,Stipagrostis amabilis,match,
1993,216,Aristida meridionalis,match,
1994,216,Senna italica,match,
1995,216,Grewia flava,match,
1996,216,Stipagrostis obtusa,match,
1997,216,Centropodia glauca,match,
1998,216,Acacia haematoxylin,fac_only,79
1999,216,Aptosium elongatum,fac_only,80
2000,216,lycrum,fac_only,81
2001,216,Aptosimum elongatum,FT_only,80
2002,216,Acacia haematoxylon,FT_only,79
2003,216,Talinum crispatulum,FT_only,
2004,216,Lycium sp.,FT_only,81
2005,216,Cucumis sp.,FT_only,
2006,216,Geo 1,FT_only,
2007,216,Crinum sp.,FT_only,
2008,247,Osteospermum sinuatum,match,
2009,247,Berkheya heterophylla,match,
2010,247,Ruschia spinosa,match,
2011,247,Drosanthemum hispidum,match,
2012,247,Pentzia lanata,match,
2013,247,Rhinephyllum graniforme,match,
2014,247,Thesium lineatum,match,
2015,247,Lachenalia maughanii,match,
2016,247,Drosanthemum lique,match,
2017,247,Hermannia grandiflora,match,
2018,247,Pteronia viscosa,match,
2019,247,Ruschia approximata,match,
2020,247,Zygophyllum retrofractum,match,
2021,247,Lycium schizocalyx,match,
2022,247,Pteronia pallens,match,
2023,247,Eriocephalus ambiguus,match,
2024,247,Phyllobolus splendens,match,
2025,247,Chrysocoma ciliata,match,
2026,247,Eriocephalus ericoides,match,
2027,247,Galenia fruticosa,match,
2028,247,Drosanthemum praecultum,match,
2029,247,Tetragonia spicata,match,
2030,247,Limeum aethiopicum,match,
2031,247,Galenia africana,match,
2032,247,Bulb sp1,fac_only,
2033,247,Stapeliopsis sp,fac_only,82
2034,247,Crassula muscosa,fac_only,
2035,247,Crassula subaphylla,fac_only,
2036,247,Euphorbia caterviflora,fac_only,
2037,247,Rosenia humilis,fac_only,
2038,247,Monsonia camdeboense,fac_only,83
2039,247,Pteronia sordida,fac_only,
2040,247,Eriospermum capense,FT_only,
2041,247,Stapeliopsis sp.,FT_only,82
2042,247,Chenopodium mucronatum,FT_only,
2043,247,Monsonia camdeboensis,FT_only,83
2044,247,Gazania krebsiana,FT_only,
2045,247,Pentzia sp.,FT_only,
2046,247,Salsola tuberculata,FT_only,
2047,247,Crassula corallina,FT_only,
2048,247,Asparagus recurvispinus,FT_only,
2049,248,Tetragonia spicata,match,
2050,248,Ruschia spinosa,match,
2051,248,Pteronia sordida,match,
2052,248,Crassula muscosa,match,
2053,248,Galenia fruticosa,match,
2054,248,Crassula subaphylla,match,
2055,248,Pelargonium karooicum,match,
2056,248,Lachenalia maughanii,match,
2057,248,Pteronia viscosa,match,
2058,248,Euphorbia caterviflora,match,
2059,248,Phyllobolus splendens,match,
2060,248,Eriocephalus ericoides,match,
2061,248,Chrysocoma ciliata,match,
2062,248,Pteronia pallens,match,
2063,248,Pentzia lanata,match,
2064,248,Asparagus recurvispinus,match,
2065,248,Rhinephyllum graniforme,match,
2066,248,Senecio radicans,match,
2067,248,Drosanthemum hispidum,fac_only,
2068,248,Hereroa latepetala,fac_only,84
2069,248,Crassula corallina,fac_only,
2070,248,Othonna sp,fac_only,85
2071,248,Thesium lineatum,fac_only,
2072,248,Drosanthemum praecultum,fac_only,
2073,248,Monsonia camdeboense,fac_only,86
2074,248,Ruschia approximata,fac_only,
2075,248,Crassula deltoidea,FT_only,
2076,248,Monsonia camdeboensis,FT_only,86
2077,248,Lycium schizocalyx,FT_only,
2078,248,Pentzia incana,FT_only,
2079,248,Hereroa latipetala,FT_only,84
2080,248,Pteronia empetrifolia,FT_only,
2081,248,Othonna sp.,FT_only,85
2082,248,Eriocephalus ambiguus,FT_only,
2083,249,Ruschia spinosa,match,
2084,249,Crassula deltoidea,match,
2085,249,Malephora lutea,match,
2086,249,Crassula subaphylla,match,
2087,249,Augea capensis,match,
2088,249,Pteronia empetrifolia,match,
2089,249,Brownanthus ciliatus,match,
2090,249,Drosanthemum praecultum,match,
2091,249,Osteospermum sinuatum,match,
2092,249,Drimia intricata,match,
2093,249,Crassula muscosa,match,
2094,249,Tetragonia spicata,match,
2095,249,Phyllobolus splendens,match,
2096,249,Hereroa fimbriata,match,
2097,249,Galenia fruticosa,match,
2098,249,Pteronia pallens,match,
2099,249,Hereroa latepetala,fac_only,86
2100,249,Euphorbia caterviflora,fac_only,
2101,249,Berkheya spinosa,FT_only,
2102,249,Gazania krebsiana,FT_only,
2103,249,Chrysocoma ciliata,FT_only,
2104,249,Hereroa latipetala,FT_only,86
2105,249,Psilocaulon junceum,FT_only,
2106,249,Salsola tuberculata,FT_only,
2107,250,Tribulus terrestris,match,
2108,250,Rosenia humilis,match,
2109,250,Eriocephalus ericoides,match,
2110,250,Senecio radicans,match,
2111,250,Hermannia cuneifolia,match,
2112,250,Bulb sp1,match,
2113,250,Aristida congesta,match,
2114,250,Drosanthemum praecultum,match,
2115,250,Cynodon incompletus,match,
2116,250,Euphorbia ferox,match,
2117,250,Asparagus mucronatus,match,
2118,250,Limeum aethiopicum,match,
2119,250,Ruschia spinosa,match,
2120,250,Thesium hystrix,match,
2121,250,Enneapogon scaber,match,
2122,250,Pentzia incana,match,
2123,250,Blepharis capensis,match,
2124,250,Eriospermum paradoxum,match,
2125,250,Helichrysum zeyheri,match,
2126,250,Aristida diffusa,match,
2127,250,Lycium cinereum,match,
2128,250,Drosanthemum lique,match,
2129,250,Monsonia crassicaule,fac_only,87
2130,250,Trichodiadema sp1,fac_only,90
2131,250,Trichodiadema cf setuliferum,fac_only,88
2132,250,Selago pulchra,fac_only,
2133,250,Crassula capitella,fac_only,
2134,250,Asparagus striatus,fac_only,
2135,250,Duvalia caespitosa,fac_only,
2136,250,Anacampseros arachnoides,fac_only,
2137,250,Crassula corallina,fac_only,
2138,250,cf. Phymaspermum parvifolium,fac_only,89
2139,250,Galenia sarcophylla,FT_only,
2140,250,Galenia papulosa,FT_only,
2141,250,Tragus berteronianus,FT_only,
2142,250,Trichodiadema setuliferum,FT_only,88
2143,250,Hermannia linifolia,FT_only,
2144,250,Polygala leptophylla,FT_only,
2145,250,Eragrostis curvula,FT_only,
2146,250,Galenia fruticosa,FT_only,
2147,250,Chrysocoma ciliata,FT_only,
2148,250,Monsonia crassicaulis,FT_only,87
2149,250,Lotononis sp.,FT_only,
2150,250,Phyllobolus splendens,FT_only,
2151,250,Trichodiadema sp.,FT_only,90
2152,250,Chenopodium mucronatum,FT_only,
2153,250,Hermannia coccocarpa,FT_only,
2154,250,Asparagus capensis,FT_only,
2155,250,Phymaspermum parvifolium,FT_only,89
2156,250,Hermannia bryoniifolia,FT_only,
2157,250,Indigofera sessilifolia,FT_only,
2158,250,Oxalys sp.,FT_only,
2159,251,Othonna sedifolia,match,
2160,251,Lycium cinereum,match,
2161,251,Senecio acutifolius,match,
2162,251,Rosenia humilis,match,
2163,251,Aristida congesta,match,
2164,251,Senecio radicans,match,
2165,251,Crassula capitella,match,
2166,251,Drosanthemum lique,match,
2167,251,Asparagus mucronatus,match,
2168,251,Bulb sp1,match,
2169,251,Crassula tetragona,match,
2170,251,Felicia hirsuta,match,
2171,251,Eriocephalus ericoides,match,
2172,251,Pentzia incana,match,
2173,251,Enneapogon scaber,match,
2174,251,Ruschia spinosa,match,
2175,251,Thesium hystrix,match,
2176,251,Hermannia cuneifolia,match,
2177,251,Limeum aethiopicum,match,
2178,251,Euphorbia ferox,match,
2179,251,Drosanthemum praecultum,match,
2180,251,Chrysocoma ciliata,match,
2181,251,Bulbine frutescens,match,
2182,251,Anacampseros arachnoides,match,
2183,251,Asparagus capensis,match,
2184,251,Crassula muscosa,match,
2185,251,Blepharis capensis,match,
2186,251,Aristida diffusa,match,
2187,251,Monsonia crassicaule,fac_only,91
2188,251,Trichodiadema cf setuliferum,fac_only,92
2189,251,Trichodiadema sp1,fac_only,93
2190,251,Indigofera sessifolia,fac_only,94
2191,251,Hypertelis bowkeriana,fac_only,
2192,251,Euphorbia caterviflora,fac_only,
2193,251,Selago pulchra,fac_only,
2194,251,Lotononis sp2,FT_only,
2195,251,Tragus berteronianus,FT_only,
2196,251,Galenia sarcophylla,FT_only,
2197,251,Mestoklema sp.,FT_only,
2198,251,Pentzia sp.,FT_only,
2199,251,Cynodon incompletus,FT_only,
2200,251,Eragrostis obtusa,FT_only,
2201,251,Trichodiadema setuliferum,FT_only,92
2202,251,Monsonia crassicaulis,FT_only,91
2203,251,Indigofera sessilifolia,FT_only,94
2204,251,Phymaspermum parvifolium,FT_only,
2205,251,Trichodiadema sp.,FT_only,93
2206,251,Helichrysum zeyheri,FT_only,
2207,251,Eriospermum paradoxum,FT_only,
2208,251,Eragrostis lehmanniana,FT_only,
2209,251,Phyllobolus splendens,FT_only,
2210,252,Drosanthemum lique,match,
2211,252,Rosenia humilis,match,
2212,252,Senecio acutifolius,match,
2213,252,Eragrostis lehmanniana,match,
2214,252,Geigeria ornativa,match,
2215,252,Limeum aethiopicum,match,
2216,252,Senecio radicans,match,
2217,252,Hypertelis bowkeriana,match,
2218,252,Aristida congesta,match,
2219,252,Barleria rigida,match,
2220,252,Thesium hystrix,match,
2221,252,Lycium cinereum,match,
2222,252,Pentzia incana,match,
2223,252,Eragrostis obtusa,match,
2224,252,Enneapogon scaber,match,
2225,252,Blepharis capensis,match,
2226,252,Ruschia spinosa,match,
2227,252,Crassula muscosa,match,
2228,252,Drosanthemum praecultum,match,
2229,252,Trichodiadema sp1,fac_only,95
2230,252,Monsonia crassicaule,fac_only,96
2231,252,Aristida diffusa,fac_only,
2232,252,Trichodiadema cf setuliferum,fac_only,97
2233,252,Euphorbia caterviflora,fac_only,
2234,252,Indigofera sessifolia,fac_only,98
2235,252,Lotononis sp2,fac_only,
2236,252,Tribulus terrestris,FT_only,
2237,252,Selago pulchra,FT_only,
2238,252,Indigofera sessilifolia,FT_only,98
2239,252,Hermannia coccocarpa,FT_only,
2240,252,Tragus berteronianus,FT_only,
2241,252,Asparagus mucronatus,FT_only,
2242,252,Cucumis sp.,FT_only,
2243,252,Hermannia cuneifolia,FT_only,
2244,252,Duvalia caespitosa,FT_only,
2245,252,Galenia sarcophylla,FT_only,
2246,252,Trichodiadema setuliferum,FT_only,97
2247,252,Trichodiadema sp.,FT_only,95
2248,252,Monsonia crassicaulis,FT_only,96
2249,252,Asparagus capensis,FT_only,
2250,272,Helianthemum asperum,match,
2251,272,Coronilla minima,match,
2252,272,Astragalus incanus,match,
2253,272,Teucrium gnaphalodes,match,
2254,272,Teucrium capitatum,match,
2255,272,Helianthemum hirtum,match,
2256,272,Stipa barbata,match,
2257,272,Stipa parviflora,match,
2258,272,Plantago albicans,match,
2259,272,Phlomis lychnitis,match,
2260,272,Hedysarum boveanum,match,
2261,272,Matthiola fruticulosa,match,
2262,272,Thymus zygis,match,
2263,272,Retama,fac_only,
2264,272,Linum suffruticosum,fac_only,
2265,272,Stipa tenacissima,fac_only,
2266,272,Helianthemum,fac_only,
2267,272,Dactilis,fac_only,
2268,272,Helianthemum rotundifolium,fac_only,
2269,272,Helianthemum squamatum,fac_only,
2270,272,Erodium,fac_only,
2271,272,"Helianthemum \small\""""",fac_only,99
2272,272,Retama sphaerocarpa,FT_only,
2273,272,Thymus vulgaris,FT_only,
2274,272,Lepidium subulatum,FT_only,
2275,272,Duda F4.1,FT_only,
2276,272,Helianthemum small,FT_only,99
2277,273,Stipa parviflora,match,
2278,273,Hedysarum boveanum,match,
2279,273,Plantago albicans,match,
2280,273,Astragalus incanus,match,
2281,273,Teucrium capitatum,match,
2282,273,Thymus zygis,match,
2283,273,Coronilla minima,match,
2284,273,Helianthemum asperum,match,
2285,273,Phlomis lychnitis,match,
2286,273,Helianthemum hirtum,match,
2287,273,Teucrium gnaphalodes,match,
2288,273,Stipa barbata,match,
2289,273,Matthiola fruticulosa,match,
2290,273,Genista scorpia,fac_only,100
2291,273,Stipa tenacissima,fac_only,
2292,273,"Helianthemum \small\""""",fac_only,101
2293,273,Helianthemum rotundifolium,fac_only,
2294,273,Erodium,fac_only,
2295,273,Genista scorpius,FT_only,100
2296,273,Helianthemum small,FT_only,101
2297,273,Helianthemum squamatum,FT_only,
2298,273,Lepidium subulatum,FT_only,
2299,273,Helianthemum cinereum,FT_only,
2300,273,Koeleria vallesiana,FT_only,
2301,274,Helianthemum asperum,match,
2302,274,Stipa parviflora,match,
2303,274,Helianthemum hirtum,match,
2304,274,Teucrium gnaphalodes,match,
2305,274,Stipa barbata,match,
2306,274,Matthiola fruticulosa,match,
2307,274,Plantago albicans,match,
2308,274,Coronilla minima,match,
2309,274,Stipa tenacissima,match,
2310,274,Thymus zygis,match,
2311,274,Teucrium capitatum,match,
2312,274,Phlomis lychnitis,match,
2313,274,Helianthemum squamatum,match,
2314,274,Koeleria vallesiana,match,
2315,274,Hedysarum boveanum,match,
2316,274,Astragalus incanus,match,
2317,274,Gypsophila,fac_only,
2318,274,Genista scorpia,fac_only,102
2319,274,"Helianthemum \small\""""",fac_only,103
2320,274,Helianthemum rotundifolium,fac_only,
2321,274,Linum suffruticosum,fac_only,
2322,274,Herniaria fruticosa,fac_only,
2323,274,Helianthemum marifolium,fac_only,
2324,274,Helianthemum cinereum,FT_only,
2325,274,Retama sphaerocarpa,FT_only,
2326,274,Gypsophila struthium,FT_only,
2327,274,Helianthemum small,FT_only,103
2328,274,Genista scorpius,FT_only,102
2329,274,Lepidium subulatum,FT_only,
2330,274,Launaea fragilis,FT_only,
2331,274,Stipa officinalis,FT_only,
2332,274,Thymus salsero,FT_only,
2333,274,Centaurea hyssopifolia Vah,FT_only,
2334,289,Lavandula multifida,match,
2335,289,Phlomis purpurea,match,
2336,289,Phlomis lychnitis,match,
2337,289,Launaea lanifera,match,
2338,289,Asparagus horridus,match,
2339,289,Palmito,fac_only,
2340,289,Stipa,fac_only,
2341,289,Thymus,fac_only,
2342,289,Teucrium sp1,fac_only,
2343,289,Lycium,fac_only,
2344,289,Teucrium,fac_only,
2345,289,Phagnalon sp.,fac_only,
2346,289,Rhamnus,fac_only,
2347,289,Tussock,fac_only,104
2348,289,Teucrium sp2,fac_only,
2349,289,Teucrium lusitanicum,FT_only,
2350,289,Chamaerops humilis,FT_only,
2351,289,Rhamnus lycioides,FT_only,
2352,289,Stipa tenacissima,FT_only,
2353,289,Teucrium charidemi,FT_only,
2354,289,Genista ramosissima,FT_only,
2355,289,Thymus hyemalis,FT_only,
2356,289,Lycium intricatum,FT_only,
2357,289,Genista haenseleri,FT_only,
2358,289,Periploca laevigata,FT_only,
2359,289,Tussock sp.,FT_only,104
2360,289,Phagnalon rupestre,FT_only,
2361,290,Launaea lanifera,match,
2362,290,Asparagus horridus,match,
2363,290,Lavandula multifida,match,
2364,290,Launaea,fac_only,
2365,290,Stipa,fac_only,
2366,290,Thymus,fac_only,
2367,290,Teucrium sp2,fac_only,
2368,290,Asparagus,fac_only,
2369,290,Phagnalon sp.,fac_only,
2370,290,Lavandula latifolia,fac_only,
2371,290,Lavandula,fac_only,
2372,290,Helianthum,fac_only,
2373,290,Periploca,fac_only,
2374,290,Thymus hyemalis,FT_only,
2375,290,Teucrium charidemi,FT_only,
2376,290,Asparagus albus,FT_only,
2377,290,Fagonia cretica,FT_only,
2378,290,Periploca laevigata,FT_only,
2379,290,Stipa tenacissima,FT_only,
2380,290,Genista haenseleri,FT_only,
2381,290,Sideritis hirsuta,FT_only,
2382,290,Phlomis purpurea,FT_only,
2383,290,Phlomis lychnitis,FT_only,
2384,290,Phagnalon rupestre,FT_only,
2385,290,Chamaerops humilis,FT_only,
2386,290,Teucrium lusitanicum,FT_only,
2387,290,Helianthemum almeriense,FT_only,
2388,290,Lycium intricatum,FT_only,
2389,291,Genista ramosissima,match,
2390,291,Genista haenseleri,match,
2391,291,Lavandula multifida,match,
2392,291,Ballota hirsuta,match,
2393,291,Stipa,fac_only,
2394,291,Asparagus,fac_only,
2395,291,Teucrium sp2,fac_only,
2396,291,Helianthum,fac_only,
2397,291,Thymus,fac_only,
2398,291,Launaea,fac_only,
2399,291,Genista,fac_only,
2400,291,Cardillo,fac_only,
2401,291,Gensita haenseleri,fac_only,
2402,291,Phagnalon sp.,fac_only,
2403,291,Herradura 2,fac_only,
2404,291,Fagonia,fac_only,
2405,291,Caralluma,fac_only,
2406,291,Stipa tenacissima,FT_only,
2407,291,Lycium intricatum,FT_only,
2408,291,Phlomis purpurea,FT_only,
2409,291,Artemisia herba-alba,FT_only,
2410,291,Chamaerops humilis,FT_only,
2411,291,Sideritis hirsuta,FT_only,
2412,291,Rhamnus lycioides,FT_only,
2413,291,Asparagus horridus,FT_only,
2414,291,Fagonia cretica,FT_only,
2415,291,Launaea lanifera,FT_only,
2416,291,Asparagus albus,FT_only,
2417,291,Teucrium charidemi,FT_only,
2418,291,Phagnalon rupestre,FT_only,
2419,291,Sedum sp.,FT_only,
2420,291,Periploca laevigata,FT_only,
2421,291,Teucrium lusitanicum,FT_only,
2422,291,Thymus hyemalis,FT_only,
2423,291,Helianthemum almeriense,FT_only,
2424,291,Caralluma europaea,FT_only,
2425,292,Genista ramosissima,match,
2426,292,Ballota hirsuta,match,
2427,292,Launaea lanifera,match,
2428,292,Genista haenseleri,match,
2429,292,Asparagus albus,match,
2430,292,Lavatera maritima,match,
2431,292,Lycium intricatum,match,
2432,292,Phagnalon sp.,match,
2433,292,Phlomis purpurea,match,
2434,292,Lavandula multifida,match,
2435,292,Asparagus horridus,match,
2436,292,Sideritis hirsuta,match,
2437,292,Macrocloa stipa,fac_only,
2438,292,Genista ramossisima,fac_only,
2439,292,Palmito,fac_only,
2440,292,Lycium,fac_only,
2441,292,Cardillo,fac_only,
2442,292,Thymus,fac_only,
2443,292,Periploca,fac_only,
2444,292,Lycium peristatum,fac_only,
2445,292,Hedisarum bovedanum,fac_only,
2446,292,Teucrium sp1,fac_only,
2447,292,Ulex,fac_only,105
2448,292,Cardillo leoso,fac_only,
2449,292,Teucrium sp2,fac_only,
2450,292,Stipa,fac_only,
2451,292,Ulex?,fac_only,
2452,292,Asteriscus,fac_only,
2453,292,Lycium sp2,fac_only,
2454,292,Helianthum almeriense,fac_only,106
2455,292,Helianthemum almeriense,FT_only,106
2456,292,Periploca laevigata,FT_only,
2457,292,Teucrium charidemi,FT_only,
2458,292,Teucrium lusitanicum,FT_only,
2459,292,Carlina hispanica,FT_only,
2460,292,Dianthus sp.,FT_only,
2461,292,Ephedra sp.,FT_only,
2462,292,Chamaerops humilis,FT_only,
2463,292,Ephedra fragilis,FT_only,
2464,292,Fagonia cretica,FT_only,
2465,292,Sedum sp.,FT_only,
2466,292,Thymus hyemalis,FT_only,
2467,292,Dianthus charidemi,FT_only,
2468,292,Artemisia sp.,FT_only,
2469,292,Phagnalon rupestre,FT_only,
2470,292,Ulex sp.,FT_only,105
2471,292,Stipa tenacissima,FT_only,
2472,292,Artemisia herba-alba,FT_only,
2473,293,Eryngium campestre,match,
2474,293,Helianthemum apenninum,match,
2475,293,Thymus zygis,match,
2476,293,Crataegus monogyna,match,
2477,293,Quercus ilex,match,
2478,293,Thymelaea pubescens,match,
2479,293,Helianthemum frigidulum,match,
2480,293,Carlina hispanica,match,
2481,293,Berberis hispanica,match,
2482,293,Rosa pouzinii,match,
2483,293,Juniperus oxycedrus,match,
2484,293,Echinospartum boissieri,match,
2485,293,Lavandula latifolia,match,
2486,293,Fumana ericifolia,match,
2487,293,Thymus mastichina,match,
2488,293,Hippocrepis bourgaei,match,
2489,293,Daphne gnidium,match,
2490,293,Genista cinerea,match,
2491,293,Linum appressum,match,
2492,293,Phlomis lychnitis,match,
2493,293,Hormathophylla spinosa ,fac_only,107
2494,293,Teucrium pseudochamaepitys,fac_only,
2495,293,Rhamnus myrtifolius,fac_only,108
2496,293,Prunus spinosa,fac_only,
2497,293,Festuca scariosa,fac_only,
2498,293,Santolina elegans,fac_only,
2499,293,Ptilostemon hispanicus,FT_only,
2500,293,Quercus faginea,FT_only,
2501,293,Lonicera arborea,FT_only,
2502,293,Santolina sp.,FT_only,
2503,293,Cirsium sp.,FT_only,
2504,293,Hormathophylla spinosa,FT_only,107
2505,293,Rhamnus myrtifolia,FT_only,108
2506,293,Teucrium polium,FT_only,
2507,293,Phlomis herba-venti,FT_only,
2508,294,Pistacia terebinthus,match,
2509,294,Crataegus monogyna,match,
2510,294,Acer monspessulanum,match,
2511,294,Quercus faginea,match,
2512,294,Thymus mastichina,match,
2513,294,Quercus ilex,match,
2514,294,Helleborus foetidus,match,
2515,294,Berberis hispanica,match,
2516,294,Hedera helix,match,
2517,294,Eryngium campestre,match,
2518,294,Juniperus oxycedrus,match,
2519,294,Carlina hispanica,match,
2520,294,Rosa pouzinii,match,
2521,294,Lonicera arborea,match,
2522,294,Hippocrepis bourgaei,match,
2523,294,Genista cinerea,match,
2524,294,Hormathophylla spinosa ,fac_only,109
2525,294,Rhamnus saxatilis,fac_only,
2526,294,Lavandula latifolia,fac_only,
2527,294,Helianthemum frigidulum,fac_only,
2528,294,Teucrium pseudochamaepitys,fac_only,
2529,294,Amelanchier sp.,fac_only,
2530,294,Santolina elegans,fac_only,
2531,294,Ptilostemon hispanicus,fac_only,
2532,294,Helianthemum apenninum,FT_only,
2533,294,Santolina sp.,FT_only,
2534,294,Hormathophylla spinosa,FT_only,109
2535,295,Lonicera arborea,match,
2536,295,Rhamnus saxatilis,match,
2537,295,Acer monspessulanum,match,
2538,295,Teucrium polium,match,
2539,295,Quercus faginea,match,
2540,295,Carlina hispanica,match,
2541,295,Cistus albidus,match,
2542,295,Helianthemum apenninum,match,
2543,295,Thymus mastichina,match,
2544,295,Quercus ilex,match,
2545,295,Pistacia terebinthus,match,
2546,295,Lavandula latifolia,match,
2547,295,Rubus ulmifolius,match,
2548,295,Thymus zygis,match,
2549,295,Juniperus oxycedrus,match,
2550,295,Linum appressum,match,
2551,295,Berberis hispanica,match,
2552,295,Helleborus foetidus,match,
2553,295,Daphne gnidium,match,
2554,295,Prunus spinosa,match,
2555,295,Festuca scariosa,match,
2556,295,Fumana ericifolia,match,
2557,295,Eryngium campestre,match,
2558,295,Hippocrepis bourgaei,match,
2559,295,Rosa pouzinii,match,
2560,295,Crataegus monogyna,match,
2561,295,Hedera helix,fac_only,
2562,295,Digitalis purpurea,fac_only,
2563,295,Teucrium pseudochamaepitys,fac_only,
2564,295,Santolina elegans,fac_only,
2565,295,Helianthemum frigidulum,fac_only,
2566,295,Echinospartum boissieri,fac_only,
2567,295,Thymelaea pubescens,FT_only,
2568,295,Hormathophylla spinosa,FT_only,
2569,295,Santolina sp.,FT_only,
2570,296,Lavandula latifolia,match,
2571,296,Helleborus foetidus,match,
2572,296,Acer monspessulanum,match,
2573,296,Thymus mastichina,match,
2574,296,Quercus ilex,match,
2575,296,Ptilostemon hispanicus,match,
2576,296,Eryngium campestre,match,
2577,296,Pistacia terebinthus,match,
2578,296,Hedera helix,match,
2579,296,Festuca scariosa,match,
2580,296,Rosa pouzinii,match,
2581,296,Berberis hispanica,match,
2582,296,Juniperus oxycedrus,match,
2583,296,Hippocrepis bourgaei,match,
2584,296,Crataegus monogyna,match,
2585,296,Carlina hispanica,fac_only,
2586,296,Teucrium pseudochamaepitys,fac_only,
2587,296,Quercus faginea,fac_only,
2588,296,Prunus spinosa,fac_only,
2589,296,Rhamnus saxatilis,fac_only,
2590,296,Phlomis lychnitis,fac_only,
2591,296,Santolina elegans,fac_only,
2592,296,Digitalis sp.,FT_only,
2593,297,Retama sphaerocarpa,match,
2594,297,Thymus mastichina,match,
2595,297,Thymus zygis,match,
2596,297,Anthyllis cytisoides,match,
2597,297,Artemisia herba-alba,match,
2598,297,Macrochloa tenacissima,fac_only,
2599,297,Anthyllis cytisoides ,fac_only,
2600,297,Phagnalon sp.,fac_only,
2601,297,Launaea arborescens,fac_only,
2602,297,Atriplex sp.,fac_only,
2603,297,Launaea lanifera,FT_only,
2604,297,Asparagus horridus,FT_only,
2605,297,Stipa tenacissima,FT_only,
2606,297,Ononis sp.,FT_only,
2607,297,Phagnalon rupestre,FT_only,
2608,297,Galium sp.,FT_only,
2609,297,Artemisia sp.,FT_only,
2610,297,Thymus capitatus,FT_only,
2611,297,Salsola sp.,FT_only,
2612,298,Retama sphaerocarpa,match,
2613,298,Artemisia herba-alba,match,
2614,298,Anthyllis cytisoides,match,
2615,298,Macrochloa tenacissima,fac_only,
2616,298,Launaea arborescens,fac_only,
2617,298,Phagnalon sp.,fac_only,
2618,298,Asparagus horridus,fac_only,
2619,298,Thymus mastichina,fac_only,
2620,298,Launaea lanifera,FT_only,
2621,298,Artemisia sp.,FT_only,
2622,298,Stipa tenacissima,FT_only,
2623,298,Salsola sp.,FT_only,
2624,299,Anthyllis cytisoides,match,
2625,299,Artemisia herba-alba,match,
2626,299,Macrochloa tenacissima,fac_only,
2627,299,Asparagus horridus,fac_only,
2628,299,Thymus mastichina,fac_only,
2629,299,Lavandula latifolia,fac_only,
2630,299,Stipa tenacissima,FT_only,
2631,299,Thymus capitatus,FT_only,
2632,299,Salsola sp.,FT_only,
2633,299,Launaea lanifera,FT_only,
2634,299,Artemisia sp.,FT_only,
2635,299,Lavandula multifida,FT_only,
2636,299,Retama sphaerocarpa,FT_only,
